unit_folder	card_id	attack_delay	attack_release_delay	source_file
boss_andromeda	Cards.Boss.Boss35	1.0	0.0	bosses.coffee
boss_antiswarm	Cards.Boss.Boss23	0.6	0.0	bosses.coffee
boss_borealjuggernaut	Cards.Boss.Boss1	1.2	0.0	bosses.coffee
boss_candypanda	Cards.Boss.Boss31Treat1	0.4	0.0	bosses.coffee
boss_candypanda	Cards.Boss.Boss31Treat2	0.4	0.0	bosses.coffee
boss_candypanda	Cards.Boss.Boss31Treat3	0.4	0.0	bosses.coffee
boss_chaosknight	Cards.Boss.Boss4	1.7	0.0	bosses.coffee
boss_christmas	Cards.Boss.Boss32	1.1	0.0	bosses.coffee
boss_christmascoal	Cards.BossArtifact.Coal	0.0	0.0	bosses.coffee
boss_christmasjinglebells	Cards.BossArtifact.FlyingBells	0.0	0.0	bosses.coffee
boss_christmasmistletoe	Cards.BossArtifact.CostReducer	0.0	0.0	bosses.coffee
boss_christmaspresent	Cards.BossSpell.HolidayGift	0.0	0.0	bosses.coffee
boss_christmassnowball	Cards.BossArtifact.Snowball	0.0	0.0	bosses.coffee
boss_cindera	Cards.Boss.Boss21	0.4	0.0	bosses.coffee
boss_city	Cards.Boss.Boss36_3	0.3	0.0	bosses.coffee
boss_crystal	Cards.Boss.Boss22	0.8	0.0	bosses.coffee
boss_decepticle	Cards.Boss.Boss6	1.2	0.0	bosses.coffee
boss_decepticlechassis	Cards.Boss.Boss6Chassis	0.5	0.0	bosses.coffee
boss_decepticlehelm	Cards.Boss.Boss6Helm	0.3	0.0	bosses.coffee
boss_decepticleprime	Cards.Boss.Boss6Prime	1.2	0.0	bosses.coffee
boss_decepticlesword	Cards.Boss.Boss6Sword	0.25	0.0	bosses.coffee
boss_decepticlewings	Cards.Boss.Boss6Wings	0.3	0.0	bosses.coffee
boss_dissonance	Cards.Boss.Boss34_2	0.8	0.0	bosses.coffee
boss_emp	Cards.Boss.Boss11	1.7	0.0	bosses.coffee
boss_gol	Cards.Boss.Boss26	1.2	0.0	bosses.coffee
boss_grym	Cards.Boss.Boss28	0.9	0.0	bosses.coffee
boss_harmony	Cards.Boss.Boss34	0.8	0.0	bosses.coffee
boss_invader	Cards.Boss.Boss36	1.1	0.0	bosses.coffee
boss_kane	Cards.Boss.Boss26Companion	1.2	0.0	bosses.coffee
boss_kron	Cards.Boss.Boss17	1.2	0.0	bosses.coffee
boss_legion	Cards.Boss.Boss33	0.6	0.0	bosses.coffee
boss_legion	Cards.Boss.Boss33_1	0.6	0.0	bosses.coffee
boss_legion	Cards.Boss.Boss33_2	0.6	0.0	bosses.coffee
boss_legion	Cards.Boss.Boss33_3	0.6	0.0	bosses.coffee
boss_legion	Cards.Boss.Boss33_4	0.6	0.0	bosses.coffee
boss_malyk	Cards.Boss.Boss13	0.95	0.0	bosses.coffee
boss_manaman	Cards.Boss.Boss14	0.8	0.0	bosses.coffee
boss_orias	Cards.Boss.Boss12	1.2	0.0	bosses.coffee
boss_oriasidol	Cards.Boss.Boss12Idol	1.2	0.0	bosses.coffee
boss_paragon	Cards.Boss.Boss15	1.2	0.0	bosses.coffee
boss_protector	Cards.Boss.Boss36_2	0.7	0.0	bosses.coffee
boss_sandpanther	Cards.Boss.Boss29	1.1	0.0	bosses.coffee
boss_serpenti	Cards.Boss.Boss18	0.3	0.0	bosses.coffee
boss_shadowlord	Cards.Boss.Boss25	0.3	0.0	bosses.coffee
boss_shinkagezendo	Cards.Boss.Boss5	1.4	0.0	bosses.coffee
boss_skurge	Cards.Boss.Boss24	0.4	0.2	bosses.coffee
boss_skyfalltyrant	Cards.Boss.Boss20	0.4	0.0	bosses.coffee
boss_solfist	Cards.Boss.Boss10	1.2	0.0	bosses.coffee
boss_soulstealer	Cards.Boss.Boss37	0.6	0.0	bosses.coffee
boss_spelleater	Cards.Boss.Boss38	0.9	0.0	bosses.coffee
boss_taskmaster	Cards.Boss.Boss27	1.2	0.0	bosses.coffee
boss_treatdemon	Cards.Boss.Boss31Haunt1	0.6	0.0	bosses.coffee
boss_treatdrake	Cards.Boss.Boss31Haunt3	0.6	0.0	bosses.coffee
boss_treatoni	Cards.Boss.Boss31Haunt2	0.6	0.0	bosses.coffee
boss_umbra	Cards.Boss.Boss2	1.25	0.0	bosses.coffee
boss_unhallowed	Cards.Boss.Boss31	1.2	0.0	bosses.coffee
boss_valiant	Cards.Boss.Boss24Valiant	0.25	0.0	bosses.coffee
boss_vampire	Cards.Boss.Boss16	1.5	0.0	bosses.coffee
boss_wolfpunch	Cards.Boss.Boss30	0.4	0.0	bosses.coffee
boss_wraith	Cards.Boss.Boss19	1.2	0.0	bosses.coffee
boss_wujin	Cards.Boss.Boss9	1.2	0.0	bosses.coffee
boss_wujin	Cards.Boss.Boss9Clone	1.2	0.0	bosses.coffee
critter_1	Cards.Neutral.PartyAnimal1	1.2	0.0	neutral.coffee
critter_2	Cards.Neutral.PartyAnimal2	0.4	0.0	neutral.coffee
f1_3rdgeneral	Cards.Faction1.ThirdGeneral	1.5	0.0	faction1.coffee
f1_altgeneral	Cards.Faction1.AltGeneral	1.5	0.0	faction1.coffee
f1_archdeacon	Cards.Faction1.SunriseCleric	0.8	0.0	faction1.coffee
f1_auroralioness	Cards.Faction1.Auroara	1.2	0.0	faction1.coffee
f1_azuritelion	Cards.Faction1.AzuriteLion	0.6	0.0	faction1.coffee
f1_azuritelion	Cards.Tutorial.TutorialLion	0.6	0.0	tutorial.coffee
f1_baastchampion	Cards.Faction1.FriendFighter	1.2	0.0	faction1.coffee
f1_backlinearcher	Cards.Faction1.Solpiercer	1.2	0.0	faction1.coffee
f1_buildcommon	Cards.Faction1.Vigilator	0.6	0.0	faction1.coffee
f1_buildminion	Cards.Faction1.VigilatorBuilding	1.2	0.0	faction1.coffee
f1_buildminion	Cards.Faction1.MonumentBuilding	1.2	0.0	faction1.coffee
f1_caliber-o	Cards.Boss.Boss3	1.4	0.0	bosses.coffee
f1_caliber-o	Cards.Boss.QABoss3	1.4	0.0	bosses.coffee
f1_caliber-o	Cards.Boss.Boss7	1.4	0.0	bosses.coffee
f1_caliber-o	Cards.Tutorial.TutorialOpponentGeneral1	1.4	0.0	tutorial.coffee
f1_caster	Cards.Faction1.Lightchaser	0.1	0.0	faction1.coffee
f1_elyxstormblade	Cards.Faction1.ElyxStormblade	0.6	0.0	faction1.coffee
f1_excelsious	Cards.Faction1.Excelsious	0.7	0.0	faction1.coffee
f1_fiz	Cards.Faction1.Fiz	1.0	0.0	faction1.coffee
f1_friendsguard	Cards.Faction1.Friendsguard	0.8	0.0	faction1.coffee
f1_general	Cards.Faction1.General	0.5	0.0	faction1.coffee
f1_general	Cards.Tutorial.TutorialGeneral	0.5	0.0	tutorial.coffee
f1_general	Cards.Tutorial.TutorialSignatureGeneral	0.5	0.0	tutorial.coffee
f1_grandmasterzir	Cards.Faction1.GrandmasterZir	0.6	0.0	faction1.coffee
f1_groundbreaker	Cards.Faction1.AlabasterTitan	1.2	0.0	faction1.coffee
f1_gryphinox	Cards.Faction1.CatapultGryphon	1.2	0.0	faction1.coffee
f1_invincibuddy	Cards.Faction1.Invincibuddy	1.2	0.0	faction1.coffee
f1_ironcliffeguardian	Cards.Faction1.IroncliffeGuardian	0.7	0.0	faction1.coffee
f1_ironcliffeguardian	Cards.Tutorial.TutorialGuardian	0.7	0.0	tutorial.coffee
f1_ironcliffemonument	Cards.Faction1.IroncliffeMonument	1.2	0.0	faction1.coffee
f1_kaisergladiator	Cards.Faction1.OneManArmy	0.6	0.0	faction1.coffee
f1_kingsguard	Cards.Faction1.DecoratedEnlistee	1.2	0.0	faction1.coffee
f1_leovoyant	Cards.Faction1.SuntideExpert	0.9	0.0	faction1.coffee
f1_mech	Cards.Faction1.Oakenheart	0.4	0.0	faction1.coffee
f1_melee	Cards.Faction1.WindbladeAdept	0.6	0.0	faction1.coffee
f1_melee	Cards.Tutorial.TutorialAdept	0.6	0.0	tutorial.coffee
f1_peacekeeper	Cards.Faction1.Peacekeeper	0.5	0.0	faction1.coffee
f1_peacekeeper2	Cards.Faction1.WarJudicator	0.8	0.0	faction1.coffee
f1_radiantdragoon	Cards.Faction1.RadiantDragoon	1.2	0.0	faction1.coffee
f1_ranged	Cards.Neutral.RogueWarden	0.9	0.9	neutral.coffee
f1_rightfulheir	Cards.Faction1.RightfulHeir	1.3	0.0	faction1.coffee
f1_scintilla	Cards.Faction1.Scintilla	0.6	0.0	faction1.coffee
f1_shieldforger	Cards.Faction1.Warsmith	0.3	0.0	faction1.coffee
f1_silverguardsquire	Cards.Faction1.SilverguardSquire	0.6	0.0	faction1.coffee
f1_silvermanevanguard	Cards.Faction1.LysianBrawler	0.4	0.0	faction1.coffee
f1_silvermanevanguard	Cards.Tutorial.TutorialBrawler	0.4	0.0	tutorial.coffee
f1_sinergyunit	Cards.Faction1.KingsGuard	0.6	0.0	faction1.coffee
f1_sister	Cards.Faction1.SunSister	1.2	0.0	sisters.coffee
f1_slo	Cards.Faction1.Slo	1.0	0.0	faction1.coffee
f1_solarius	Cards.Faction1.Solarius	1.2	0.0	faction1.coffee
f1_solpontiff	Cards.Faction1.SolPontiff	0.3	0.0	faction1.coffee
f1_special	Cards.Faction1.ArclyteSentinel	0.8	0.0	faction1.coffee
f1_spellbladeadept	Cards.Faction1.PurebladeEnforcer	0.4	0.0	faction1.coffee
f1_sunbreaker	Cards.Faction1.Sunbreaker	0.6	0.0	faction1.coffee
f1_sunbreakguardian	Cards.Faction1.Prominence	0.8	0.0	faction1.coffee
f1_sunforgelancer	Cards.Faction1.SunforgeLancer	1.2	0.0	faction1.coffee
f1_sunriser	Cards.Faction1.Sunriser	0.6	0.0	faction1.coffee
f1_sunstonemaiden	Cards.Neutral.SarlacTheEternal	0.25	0.0	neutral.coffee
f1_sunstonetemplar	Cards.Faction1.SunstoneTemplar	0.6	0.0	faction1.coffee
f1_sunwisp	Cards.Faction1.SunWisp	0.35	0.0	faction1.coffee
f1_support	Cards.Faction1.SuntideMaiden	0.25	0.0	faction1.coffee
f1_tank	Cards.Faction1.SilverguardKnight	0.8	0.0	faction1.coffee
f1_warblade	Cards.Faction1.Warblade	0.4	0.0	faction1.coffee
f1_windbladecommander	Cards.Faction1.WindbladeCommander	0.5	0.0	faction1.coffee
f2_3rdgeneral	Cards.Faction2.ThirdGeneral	1.0	0.2	faction2.coffee
f2_ace	Cards.Faction2.Ace	0.9	0.0	faction2.coffee
f2_altgeneral	Cards.Faction2.AltGeneral	1.0	0.2	faction2.coffee
f2_buildcommon	Cards.Faction2.ManakiteDrifter	0.4	0.0	faction2.coffee
f2_buildlegendary	Cards.Faction2.Penumbraxx	1.2	0.0	faction2.coffee
f2_buildminion	Cards.Faction2.ManakiteBuilding	1.2	0.0	faction2.coffee
f2_buildminion	Cards.Faction2.PenumbraxxBuilding	1.2	0.0	faction2.coffee
f2_caligrapher	Cards.Faction2.Calligrapher	0.8	0.0	faction2.coffee
f2_caster	Cards.Faction2.Heartseeker	0.25	0.0	faction2.coffee
f2_chakriavatar	Cards.Faction2.ChakriAvatar	1.1	0.0	faction2.coffee
f2_deathphantom	Cards.Faction2.CelestialPhantom	0.6	0.0	faction2.coffee
f2_demononi	Cards.Faction2.MindCageOni	0.6	0.0	faction2.coffee
f2_eclipseasura	Cards.Faction2.PandaPuncher	0.6	0.0	faction2.coffee
f2_eternitypainter	Cards.Faction2.EternityPainter	1.2	0.0	faction2.coffee
f2_firewyrm	Cards.Faction2.Flamewreath	0.5	0.0	faction2.coffee
f2_flareslinger	Cards.Faction2.Flareslinger	0.4	0.0	faction2.coffee
f2_general	Cards.Faction2.General	0.5	0.2	faction2.coffee
f2_geomancer	Cards.Faction2.Geomancer	0.4	0.0	faction2.coffee
f2_godpalmblacktiger	Cards.Faction2.WildfireTenketsu	0.3	0.0	faction2.coffee
f2_grandmasterzendo	Cards.Faction2.GrandmasterZendo	1.4	0.0	faction2.coffee
f2_hammonnladeseeker	Cards.Faction2.HamonBlademaster	0.35	0.0	faction2.coffee
f2_heartofthesonghai	Cards.Faction2.DarkHeart	0.4	0.0	faction2.coffee
f2_katara	Cards.Faction2.Katara	0.8	0.0	faction2.coffee
f2_keshraifanblade	Cards.Faction2.KeshraiFanblade	0.5	0.0	faction2.coffee
f2_kibeholder	Cards.Faction2.KiBeholder	1.2	0.0	faction2.coffee
f2_kindling	Cards.Faction2.Kindling	1.1	0.0	faction2.coffee
f2_lanternfox	Cards.Faction2.LanternFox	0.4	0.0	faction2.coffee
f2_mage4winds	Cards.Faction2.MageOfFourWinds	0.4	0.0	faction2.coffee
f2_masteroftaikwai	Cards.Faction2.Mizuchi	0.4	0.0	faction2.coffee
f2_mech	Cards.Faction2.DuskRigger	0.9	0.0	faction2.coffee
f2_melee	Cards.Faction2.KaidoAssassin	0.5	0.0	faction2.coffee
f2_ogremonk02	Cards.Faction2.JadeOgre	0.8	0.0	faction2.coffee
f2_onnabugeisha	Cards.Faction2.Suzumebachi	1.0	0.0	faction2.coffee
f2_onyxjaguar	Cards.Faction2.OnyxJaguar	1.0	0.0	faction2.coffee
f2_orizuru	Cards.Faction2.CraneWalker	0.4	0.0	faction2.coffee
f2_pandabear02	Cards.Faction2.BattlePanddo	1.2	0.0	faction2.coffee
f2_panddo	Cards.Faction2.OnyxBear	0.4	0.0	faction2.coffee
f2_paperdropper	Cards.Faction2.MoveMan	0.8	0.0	faction2.coffee
f2_ranged	Cards.Faction2.Widowmaker	0.3	0.2	faction2.coffee
f2_seenoevil	Cards.Faction2.ShadowSummoner	0.6	0.0	faction2.coffee
f2_sekitori	Cards.Faction2.HundredHand	0.8	0.0	faction2.coffee
f2_sepukku	Cards.Faction2.Whiplash	0.5	0.0	faction2.coffee
f2_sister	Cards.Faction2.LightningSister	1.2	0.0	sisters.coffee
f2_songhaisentinel	Cards.Faction2.SonghaiSentinel	0.5	0.0	faction2.coffee
f2_sparrowhawk	Cards.Faction2.Sparrowhawk	0.25	0.0	faction2.coffee
f2_special	Cards.Faction2.TuskBoar	0.3	0.0	faction2.coffee
f2_spellthief	Cards.Faction2.ScrollBandit	1.0	0.0	faction2.coffee
f2_stormkage	Cards.Faction2.StormKage	0.9	0.0	faction2.coffee
f2_supekuta	Cards.Faction2.Backbreaker	0.3	0.0	faction2.coffee
f2_support	Cards.Faction2.ScarletViper	0.25	0.0	faction2.coffee
f2_synergyunit	Cards.Faction2.SecondSwordSarugi	0.9	0.0	faction2.coffee
f2_tank	Cards.Faction2.GoreHorn	0.3	0.0	faction2.coffee
f2_twilightfox	Cards.Faction2.TwilightFox	0.4	0.0	faction2.coffee
f2_xho	Cards.Faction2.Xho	1.0	0.0	faction2.coffee
f3_3rdgeneral	Cards.Faction3.ThirdGeneral	1.0	0.0	faction3.coffee
f3_allomancer	Cards.Faction3.Allomancer	0.9	0.0	faction3.coffee
f3_altgeneral	Cards.Faction3.AltGeneral	1.0	0.0	faction3.coffee
f3_anubis	Cards.Faction3.Oserix	0.8	0.0	faction3.coffee
f3_aymarahealer	Cards.Faction3.AymaraHealer	0.7	0.0	faction3.coffee
f3_badlandsscout	Cards.Faction3.Skyppy	1.2	0.0	faction3.coffee
f3_bobble	Cards.Faction3.SandswirlReader	1.2	0.0	faction3.coffee
f3_buildcommon	Cards.Faction3.BarrenShrike	1.2	0.0	faction3.coffee
f3_buildminion	Cards.Faction3.ShrikeBuilding	1.2	0.0	faction3.coffee
f3_buildminion	Cards.Faction3.SimulacraBuilding	1.2	0.0	faction3.coffee
f3_curseddervish	Cards.Faction3.CursedDervish	1.2	0.0	faction3.coffee
f3_deathobelysk	Cards.Faction3.SoulburnObelysk	0.3	0.0	faction3.coffee
f3_dervish	Cards.Faction3.Dervish	0.4	0.0	faction3.coffee
f3_desertspirit	Cards.Faction3.WastelandWraith	0.5	0.0	faction3.coffee
f3_dreamshaper	Cards.Faction3.Dreamcarver	0.4	0.0	faction3.coffee
f3_dunecaster	Cards.Faction3.OrbWeaver	0.5	0.0	faction3.coffee
f3_duskweaver	Cards.Faction3.Duskweaver	1.2	0.0	faction3.coffee
f3_endlessobelysk	Cards.Faction3.SimulacraObelysk	0.3	0.0	faction3.coffee
f3_eurus	Cards.Faction3.Gust	1.2	0.0	faction3.coffee
f3_falcius	Cards.Faction3.Falcius	1.0	0.0	faction3.coffee
f3_general	Cards.Faction3.General	0.2	0.0	faction3.coffee
f3_glassmirage	Cards.Faction3.MirrorMaster	0.4	0.0	faction3.coffee
f3_grandmasternoshrak	Cards.Faction3.GrandmasterNoshRak	1.1	0.0	faction3.coffee
f3_incinera	Cards.Faction3.Incinera	0.9	0.0	faction3.coffee
f3_insightcaster	Cards.Faction3.FateWatcher	0.3	0.0	faction3.coffee
f3_irondervish	Cards.Faction3.IronDervish	1.2	0.0	faction3.coffee
f3_ishtarhunter	Cards.Faction3.StaffWielder	1.2	0.0	faction3.coffee
f3_keeperofages	Cards.Faction3.KeeperOfAges	0.25	0.0	faction3.coffee
f3_lavastormobelysk	Cards.Faction3.LavastormObelysk	1.2	0.0	faction3.coffee
f3_mech	Cards.Faction3.SilicaWeaver	0.6	0.0	faction3.coffee
f3_miniscarab	Cards.Faction3.Scarab	1.2	0.0	faction3.coffee
f3_nimbus	Cards.Faction3.Nimbus	1.2	0.0	faction3.coffee
f3_obelyskduskwind	Cards.Faction3.BrazierDuskWind	0.3	0.0	faction3.coffee
f3_obelyskgoldenflame	Cards.Faction3.BrazierGoldenFlame	0.3	0.0	faction3.coffee
f3_obelyskredsand	Cards.Faction3.BrazierRedSand	0.3	0.0	faction3.coffee
f3_onyxpantheran	Cards.Faction3.Pantheran	1.1	0.0	faction3.coffee
f3_orbweaver	Cards.Faction3.Dunecaster	0.3	0.0	faction3.coffee
f3_palacetrinketeer	Cards.Faction3.NightfallMechanyst	0.3	0.0	faction3.coffee
f3_pax	Cards.Faction3.Pax	1.1	0.0	faction3.coffee
f3_plague_totem	Cards.Faction3.PlagueTotem	0.3	0.0	faction3.coffee
f3_pyromancer	Cards.Faction3.Pyromancer	0.4	0.0	faction3.coffee
f3_rae	Cards.Faction3.Rae	1.1	0.0	faction3.coffee
f3_rehorah	Cards.Faction3.GoldenGuide	0.6	0.0	faction3.coffee
f3_sakkak	Cards.Faction3.CoughingGus	1.0	0.0	faction3.coffee
f3_sandhowler	Cards.Faction3.SandHowler	0.6	0.0	faction3.coffee
f3_scarabtera	Cards.Faction3.ScarabPulverizer	0.3	0.0	faction3.coffee
f3_sinergyunit	Cards.Faction3.SniperZen	0.3	0.0	faction3.coffee
f3_sirocco	Cards.Faction3.Sirocco	0.5	0.0	faction3.coffee
f3_sister	Cards.Faction3.SandSister	1.2	0.0	sisters.coffee
f3_starfirescarab	Cards.Faction3.StarfireScarab	0.9	0.0	faction3.coffee
f3_trifectaperfecta	Cards.Faction3.TrygonObelysk	0.3	0.0	faction3.coffee
f3_windgiver	Cards.Faction3.WindGiver	1.2	0.0	faction3.coffee
f3_windshriek	Cards.Faction3.WindShrike	0.4	0.0	faction3.coffee
f3_windslicer	Cards.Faction3.WindSlicer	0.9	0.0	faction3.coffee
f3_windstriker	Cards.Faction3.Windlark	0.4	0.0	faction3.coffee
f3_zephyr	Cards.Faction3.Zephyr	0.5	0.0	faction3.coffee
f3_zodiac02	Cards.Faction3.PortalGuardian	0.4	0.0	faction3.coffee
f4_3rdgeneral	Cards.Faction4.ThirdGeneral	1.5	0.0	faction4.coffee
f4_abomination	Cards.Faction4.Abomination	1.1	0.0	faction4.coffee
f4_abyssiansentinel	Cards.Faction4.AbyssSentinel	0.5	0.0	faction4.coffee
f4_altgeneral	Cards.Faction4.AltGeneral	1.5	0.0	faction4.coffee
f4_arachne	Cards.Faction4.Nekomata	0.9	0.0	faction4.coffee
f4_arcanedevourer	Cards.Faction4.ArcaneDevourer	1.2	0.0	faction4.coffee
f4_blacksolus	Cards.Faction4.BlackSolus	0.8	0.0	faction4.coffee
f4_bloodbaronette	Cards.Faction4.BloodBaronette	1.2	0.0	faction4.coffee
f4_bloodmoon	Cards.Faction4.BloodmoonPriestess	0.5	0.0	faction4.coffee
f4_buildcommon	Cards.Faction4.VoidTalon	0.4	0.0	faction4.coffee
f4_buildlegendary	Cards.Faction4.GateToUndervault	0.3	0.0	faction4.coffee
f4_buildminion	Cards.Faction4.VoidTalonBuilding	1.2	0.0	faction4.coffee
f4_buildminion	Cards.Faction4.GateBuilding	1.2	0.0	faction4.coffee
f4_crawler	Cards.Faction4.AbyssalCrawler	0.4	0.0	faction4.coffee
f4_creepmangler	Cards.Faction4.Nightshroud	0.5	0.0	faction4.coffee
f4_creepydemon	Cards.Faction4.CreepDemon	1.2	0.0	faction4.coffee
f4_daemondeep	Cards.Faction4.DeepfireDevourer	0.4	0.0	faction4.coffee
f4_daemongate	Cards.Faction4.VorpalReaver	0.5	0.0	faction4.coffee
f4_daemonvoid	Cards.Faction4.SpectralRevenant	0.8	0.0	faction4.coffee
f4_darkspine	Cards.Faction4.DarkspineElemental	0.6	0.0	faction4.coffee
f4_deathknell	Cards.Faction4.DeathKnell	1.2	0.0	faction4.coffee
f4_demonofeternity	Cards.Faction4.DemonOfEternity	0.8	0.0	faction4.coffee
f4_desolater	Cards.Faction4.Desolator	1.2	0.0	faction4.coffee
f4_engulfingshadow	Cards.Faction4.ShadowWatcher	0.5	0.0	faction4.coffee
f4_fallenaspect	Cards.Faction4.CurseMonger	0.3	0.0	faction4.coffee
f4_furosa	Cards.Faction4.Furosa	0.4	0.0	faction4.coffee
f4_general	Cards.Faction4.General	0.5	0.0	faction4.coffee
f4_gloomchaser	Cards.Faction4.GloomChaser	0.6	0.0	faction4.coffee
f4_gor	Cards.Faction4.Gor	1.2	0.2	faction4.coffee
f4_grandmastervariax	Cards.Faction4.GrandmasterVariax	0.5	0.0	faction4.coffee
f4_horror	Cards.Faction4.Horror	0.4	0.0	faction4.coffee
f4_horrorburster	Cards.Faction4.HorrorBurster	0.6	0.0	faction4.coffee
f4_husk	Cards.Faction4.Husk	0.3	0.0	faction4.coffee
f4_juggernaut	Cards.Faction4.AbyssalJuggernaut	0.7	0.0	faction4.coffee
f4_klaxon	Cards.Faction4.Klaxon	1.2	0.0	faction4.coffee
f4_limbodweller	Cards.Faction4.Cacophynos	0.9	0.0	faction4.coffee
f4_mech	Cards.Faction4.NightmareOperant	0.9	0.0	faction4.coffee
f4_megafiend	Cards.Faction4.Xerroloth	0.6	0.0	faction4.coffee
f4_miniminion	Cards.Faction4.MiniMinion	1.2	0.0	faction4.coffee
f4_mistressofcommands	Cards.Faction4.BoundTormentor	0.8	0.0	faction4.coffee
f4_moonrider	Cards.Faction4.Moonrider	1.2	0.0	faction4.coffee
f4_nightfiend	Cards.Faction4.NightFiend	0.5	0.0	faction4.coffee
f4_nightsorrow	Cards.Faction4.NightsorrowAssassin	0.5	0.0	faction4.coffee
f4_nocturn	Cards.Faction4.Nocturne	0.6	0.0	faction4.coffee
f4_ooz	Cards.Faction4.Ooz	1.2	0.2	faction4.coffee
f4_phantasm	Cards.Faction4.Phantasm	0.5	0.0	faction4.coffee
f4_pitstrider	Cards.Faction4.WhistlingHarvester	0.5	0.0	faction4.coffee
f4_plaguedr	Cards.Faction4.DyingWishReducer	0.4	0.0	faction4.coffee
f4_reaperninemoons	Cards.Faction4.ReaperNineMoons	1.2	0.0	faction4.coffee
f4_remora	Cards.Faction4.Fiend	0.6	0.0	faction4.coffee
f4_shadowdancer	Cards.Faction4.SharianShadowdancer	0.5	0.0	faction4.coffee
f4_sinergyunit	Cards.Faction4.StygianObserver	0.8	0.0	faction4.coffee
f4_siren	Cards.Faction4.DarkSiren	0.5	0.0	faction4.coffee
f4_sister	Cards.Faction4.ShadowSister	1.2	0.0	sisters.coffee
f4_skullcaster	Cards.Faction4.SkullProphet	0.4	0.0	faction4.coffee
f4_underworldbrute	Cards.Faction4.ShadowBrute	0.6	0.0	faction4.coffee
f5_3rdgeneral	Cards.Faction5.ThirdGeneral	1.0	0.0	faction5.coffee
f5_altgeneral	Cards.Faction5.AltGeneral	1.0	0.0	faction5.coffee
f5_ankylos	Cards.Faction5.Armadops	0.4	0.0	faction5.coffee
f5_armada	Cards.Faction5.Armada	1.3	0.0	faction5.coffee
f5_brundlbeast	Cards.Faction5.BrundlBeast	0.6	0.0	faction5.coffee
f5_buildcommon	Cards.Faction5.BioHulk	0.5	0.0	faction5.coffee
f5_buildminion	Cards.Faction5.HulkBuilding	1.2	0.0	faction5.coffee
f5_buildminion	Cards.Faction5.GigalothBuilding	1.2	0.0	faction5.coffee
f5_catalystquillbeast	Cards.Faction5.Quillbeast	1.2	0.0	faction5.coffee
f5_dreadnaught	Cards.Faction5.Dreadnaught	1.2	0.0	faction5.coffee
f5_drogon	Cards.Faction5.Drogon	0.9	0.0	faction5.coffee
f5_earthwalker	Cards.Faction5.EarthWalker	0.9	0.0	faction5.coffee
f5_egg	Cards.Faction5.Egg	0.4	0.0	faction5.coffee
f5_firebreather	Cards.Faction5.Firebreather	0.4	0.0	faction5.coffee
f5_flumposaur	Cards.Faction5.Terradon	0.6	0.0	faction5.coffee
f5_general	Cards.Faction5.General	0.65	0.0	faction5.coffee
f5_genesis	Cards.Faction5.Rizen	0.4	0.0	faction5.coffee
f5_gibblegup	Cards.Faction5.Gibblegup	0.8	0.0	faction5.coffee
f5_grandmasterkraigon	Cards.Faction5.GrandmasterKraigon	1.6	0.0	faction5.coffee
f5_grimrock	Cards.Faction5.Grimrock	0.8	0.0	faction5.coffee
f5_gro	Cards.Faction5.Gro	0.9	0.0	faction5.coffee
f5_juggernaut	Cards.Faction5.Juggernaut	0.6	0.0	faction5.coffee
f5_kolossus	Cards.Faction5.Kolossus	0.6	0.0	faction5.coffee
f5_kujata	Cards.Faction5.Kujata	0.9	0.0	faction5.coffee
f5_lavalasher	Cards.Faction5.Lavaslasher	1.1	0.0	faction5.coffee
f5_magma	Cards.Faction5.MiniMagmar	0.8	0.0	faction5.coffee
f5_mandrake	Cards.Faction5.Mandrake	1.0	0.0	faction5.coffee
f5_mankatorwarbeast	Cards.Faction5.MakantorWarbeast	0.5	0.0	faction5.coffee
f5_mech	Cards.Faction5.Seismoid	1.0	0.0	faction5.coffee
f5_megabrontodon	Cards.Faction5.Megabrontodon	0.7	0.0	faction5.coffee
f5_minibeast	Cards.Faction5.Warpup	0.45	0.0	faction5.coffee
f5_molokihuntress	Cards.Faction5.MolokiHuntress	1.2	0.0	faction5.coffee
f5_mythronquest	Cards.Faction5.Dinomancer	1.7	0.0	faction5.coffee
f5_omniseer	Cards.Faction5.Omniseer	0.6	0.0	faction5.coffee
f5_orphanoftheaspect	Cards.Faction5.ToughDino	1.2	0.0	faction5.coffee
f5_oxalaia	Cards.Faction5.BurstLizard	1.2	0.0	faction5.coffee
f5_primordialgazer	Cards.Faction5.PrimordialGazer	0.6	0.0	faction5.coffee
f5_pteryx	Cards.Faction5.IncreasingDino	0.6	0.0	faction5.coffee
f5_ragebinder	Cards.Faction5.Ragebinder	0.4	0.0	faction5.coffee
f5_rancour	Cards.Faction5.Rancour	0.6	0.0	faction5.coffee
f5_rex	Cards.Faction5.Rex	0.9	0.0	faction5.coffee
f5_silitharelder	Cards.Faction5.SilitharElder	0.5	0.0	faction5.coffee
f5_silitharveteran	Cards.Faction5.VeteranSilithar	0.6	0.0	faction5.coffee
f5_silitharyoung	Cards.Faction5.YoungSilithar	0.4	0.0	faction5.coffee
f5_sinergyunit	Cards.Faction5.Progenitor	1.2	0.0	faction5.coffee
f5_sister	Cards.Faction5.EarthSister	1.2	0.0	sisters.coffee
f5_spiritharvester	Cards.Faction5.SpiritHarvester	0.7	0.0	faction5.coffee
f5_support	Cards.Faction5.Elucidator	0.3	0.0	faction5.coffee
f5_tank	Cards.Faction5.Phalanxar	0.4	0.0	faction5.coffee
f5_thraex	Cards.Faction5.Thraex	1.0	0.0	faction5.coffee
f5_unstableflump	Cards.Faction5.ErraticRaptyr	0.95	0.0	faction5.coffee
f5_unstableleviathan	Cards.Faction5.UnstableLeviathan	0.6	0.0	faction5.coffee
f5_upgradizon	Cards.Faction5.Gigaloth	1.2	0.0	faction5.coffee
f5_valknu	Cards.Faction5.SpiritOfValknu	0.6	0.0	faction5.coffee
f5_vindicator	Cards.Faction5.Vindicator	1.5	0.0	faction5.coffee
f5_visionar	Cards.Faction5.Visionar	0.5	0.0	faction5.coffee
f5_wildinceptor	Cards.Faction5.WildInceptor	1.2	0.0	faction5.coffee
f6_3rdgeneral	Cards.Faction6.ThirdGeneral	1.2	0.0	faction6.coffee
f6_altgeneral	Cards.Faction6.AltGeneral	1.2	0.0	faction6.coffee
f6_arcticrhyno	Cards.Faction6.ArcticRhyno	0.5	0.0	faction6.coffee
f6_auroraguardian	Cards.Faction6.CrystalArbiter	0.9	0.0	faction6.coffee
f6_blazingspines	Cards.Faction6.BlazingSpines	0.8	0.0	faction6.coffee
f6_bloodsurge	Cards.Faction6.Hydrogarm	0.4	0.0	faction6.coffee
f6_bonechillbarrier	Cards.Faction6.BonechillBarrier	0.4	0.0	faction6.coffee
f6_buildcommon	Cards.Faction6.Protosensor	0.6	0.0	faction6.coffee
f6_buildlegendary	Cards.Faction6.DraugarEyolith	1.3	0.0	faction6.coffee
f6_buildminion	Cards.Faction6.ProtosensorBuilding	1.2	0.0	faction6.coffee
f6_buildminion	Cards.Faction6.EyolithBuilding	1.2	0.0	faction6.coffee
f6_bur	Cards.Faction6.Bur	1.1	0.0	faction6.coffee
f6_circulus	Cards.Faction6.Circulus	0.45	0.0	faction6.coffee
f6_crystalbeetle	Cards.Faction6.CrystalCloaker	1.2	0.0	faction6.coffee
f6_doofybear	Cards.Faction6.Ursaplomb	0.6	0.0	faction6.coffee
f6_draugarlord	Cards.Faction6.PrismaticGiant	1.1	0.0	faction6.coffee
f6_draugarlord	Cards.Tutorial.TutorialOpponentGeneral4	1.1	0.0	tutorial.coffee
f6_eldersaberspine	Cards.Neutral.BigRush	0.9	0.0	neutral.coffee
f6_elklodon	Cards.Faction6.SnowWinkle	0.5	0.0	faction6.coffee
f6_evilcrystalwisp	Cards.Faction6.ManaThief	1.2	0.0	faction6.coffee
f6_explodingwall	Cards.Faction6.FrostBomb	0.6	0.0	faction6.coffee
f6_fenrirwarmaster	Cards.Faction6.FenrirWarmaster	0.5	0.0	faction6.coffee
f6_fenrirwerewolf	Cards.Faction6.SuperFenrir	1.2	0.0	faction6.coffee
f6_freeblade	Cards.Faction6.Freeblade	0.8	0.0	faction6.coffee
f6_frostbitehawker	Cards.Faction6.InfiltrateMaster	1.2	0.0	faction6.coffee
f6_frostdrake	Cards.Faction6.IceDrake	1.1	0.0	faction6.coffee
f6_frostiva	Cards.Faction6.Frostiva	0.9	0.0	faction6.coffee
f6_general	Cards.Faction6.General	0.65	0.0	faction6.coffee
f6_ghostseraphim	Cards.Faction6.GhostSeraphim	1.2	0.0	faction6.coffee
f6_grandmasterembla	Cards.Faction6.GrandmasterEmbla	0.5	0.0	faction6.coffee
f6_gravitywell	Cards.Faction6.GravityWell	0.4	0.0	faction6.coffee
f6_greatwhitenorth	Cards.Faction6.MoonlitBasilysk	0.6	0.0	faction6.coffee
f6_huldra	Cards.Faction6.Huldra	0.6	0.0	faction6.coffee
f6_icedryad	Cards.Faction6.IceDryad	0.8	0.0	faction6.coffee
f6_icehornet	Cards.Faction6.Shivers	0.4	0.0	faction6.coffee
f6_icy	Cards.Faction6.Icy	1.1	0.0	faction6.coffee
f6_justice	Cards.Faction6.HearthSister	0.5	0.0	faction6.coffee
f6_kindredhunter	Cards.Faction6.KindredHunter	1.2	0.0	faction6.coffee
f6_mech	Cards.Faction6.EchoDeliverant	0.25	0.0	faction6.coffee
f6_minitreant	Cards.Faction6.Treant	1.2	0.0	faction6.coffee
f6_motherofdrakes	Cards.Faction6.DrakeDowager	0.6	0.0	faction6.coffee
f6_myriad	Cards.Faction6.Myriad	0.9	0.0	faction6.coffee
f6_mythronquest	Cards.Faction6.VanarQuest	0.3	0.0	faction6.coffee
f6_perfectreflection	Cards.Faction6.MatronElveiti	1.3	0.0	faction6.coffee
f6_ravager	Cards.Faction6.WolfAspect	0.8	0.0	faction6.coffee
f6_seismicelemental	Cards.Faction6.SeismicElemental	0.6	0.0	faction6.coffee
f6_sentinel	Cards.Faction6.Razorback	0.5	0.0	faction6.coffee
f6_shadowvespyr	Cards.Faction6.ShadowVespyr	0.6	0.0	faction6.coffee
f6_sinergyunit	Cards.Faction6.FrostbladeFiend	0.9	0.0	faction6.coffee
f6_sister	Cards.Faction6.WindSister	1.2	0.0	sisters.coffee
f6_sleetdasher	Cards.Faction6.SleetDasher	1.2	0.0	faction6.coffee
f6_snowchaser	Cards.Faction6.WyrBeast	0.3	0.0	faction6.coffee
f6_snowchasermk2	Cards.Boss.FrostfireSnowchaser	0.3	0.0	bosses.coffee
f6_snowman	Cards.Faction6.SnowElemental	0.3	0.0	faction6.coffee
f6_snowrippler	Cards.Faction6.SnowRippler	0.3	0.0	faction6.coffee
f6_snowwyvern	Cards.Faction6.ArcticDisplacer	0.5	0.0	faction6.coffee
f6_spiritwolf	Cards.Faction6.GhostWolf	0.8	0.0	faction6.coffee
f6_treant	Cards.Faction6.AncientGrove	0.8	0.0	faction6.coffee
f6_tundraguardian	Cards.Faction6.Rootmancer	0.9	0.0	faction6.coffee
f6_vanarsentinel	Cards.Faction6.VanarSentinel	0.5	0.0	faction6.coffee
f6_voiceofthewind	Cards.Faction6.VoiceoftheWind	0.9	0.0	faction6.coffee
f6_waterbear	Cards.Faction6.BoreanBear	1.2	0.0	faction6.coffee
f6_waterelemental	Cards.Faction6.WaterBear	0.6	0.0	faction6.coffee
f6_whitewyvern	Cards.Faction6.AzureDrake	1.2	0.0	faction6.coffee
f6_wolfraven	Cards.Faction6.WolfRaven	0.4	0.0	faction6.coffee
f6_ynuyttracker	Cards.Faction6.Snowballer	1.1	0.0	faction6.coffee
f6_ynuytunleashed	Cards.Faction6.StunBeast	0.5	0.0	faction6.coffee
f6_ynuytwarlock	Cards.Faction6.StunWarlock	1.2	0.0	faction6.coffee
fx_holytile	Cards.Tile.Hallowed	0.0	0.0	tiles.coffee
fx_primaltile	Cards.Tile.PrimalMojo	0.0	0.0	tiles.coffee
fx_sandtile	Cards.Tile.SandPortal	0.0	0.0	tiles.coffee
fx_shadowcreep	Cards.Tile.Shadow	0.0	0.0	tiles.coffee
icon_abomination	Cards.Spell.AbhorrentUnbirth	0.0	0.0	faction4.coffee
icon_adamantineclaws	Cards.Artifact.AdamantineClaws	0.0	0.0	faction5.coffee
icon_aegisbarrier	Cards.Spell.AegisBarrier	0.0	0.0	faction1.coffee
icon_aerialrift	Cards.Spell.AerialRift	0.0	0.0	faction1.coffee
icon_afterblaze	Cards.Spell.Afterblaze	0.0	0.0	faction1.coffee
icon_afterglow	Cards.Spell.Afterglow	0.0	0.0	faction1.coffee
icon_alteredbeast	Cards.Spell.AlteredBeast	0.0	0.0	faction6.coffee
icon_ambush	Cards.Spell.SnowPatrol	0.0	0.0	faction6.coffee
icon_amplification	Cards.Spell.Amplification	0.0	0.0	faction5.coffee
icon_ancestralpact	Cards.Spell.AncestralDivination	0.0	0.0	faction2.coffee
icon_ancientknowledge	Cards.BossSpell.AncientKnowledge	0.0	0.0	bosses.coffee
icon_animusplate	Cards.Artifact.AnimusPlate	0.0	0.0	faction6.coffee
icon_aphoticdrain	Cards.Spell.AphoticDrain	0.0	0.0	faction4.coffee
icon_arclyteregalia	Cards.Artifact.ArclyteRegalia	0.0	0.0	faction1.coffee
icon_aridunmaking	Cards.Spell.AridUnmaking	0.0	0.0	faction3.coffee
icon_artifactdefiler	Cards.Spell.ArtifactDefiler	0.0	0.0	faction2.coffee
icon_aspectdrake	Cards.Spell.AspectOfTheDrake	0.0	0.0	faction6.coffee
icon_aspectfox	Cards.Spell.AspectOfTheWolf	0.0	0.0	faction6.coffee
icon_aspectidentity	Cards.Spell.AspectOfIdentity	0.0	0.0	faction6.coffee
icon_aspectmountains	Cards.Spell.AspectOfTheMountains	0.0	0.0	faction6.coffee
icon_aspectofbear	Cards.Spell.AspectOfBear	0.0	0.0	faction6.coffee
icon_astralflood	Cards.Spell.AstralFlood	0.0	0.0	faction3.coffee
icon_astralphasing	Cards.Spell.AstralPhasing	0.0	0.0	faction3.coffee
icon_auroraboros	Cards.Spell.Auroraboros	0.0	0.0	faction6.coffee
icon_aurorastear	Cards.Spell.AurorasTears	0.0	0.0	faction3.coffee
icon_aurorastear	Cards.TutorialSpell.TutorialFrozenFinisher	0.0	0.0	tutorial.coffee
icon_aurorastear	Cards.TutorialSpell.TutorialFireOrb	0.0	0.0	tutorial.coffee
icon_aurynnexus	Cards.Spell.AurynNexus	0.0	0.0	faction1.coffee
icon_aurynnexus	Cards.Spell.Overwatch	0.0	0.0	generic.coffee
icon_autarchsgift	Cards.Spell.EquipVetArtifacts	0.0	0.0	faction3.coffee
icon_avalanche	Cards.Spell.Avalanche	0.0	0.0	faction6.coffee
icon_azuresummoning	Cards.Spell.AzureSummoning	0.0	0.0	faction3.coffee
icon_bamboozle	Cards.Spell.Bamboozle	0.0	0.0	faction2.coffee
icon_bbsphoenixfire	Cards.Spell.PhoenixFireBBS	0.0	0.0	faction2.coffee
icon_bbstempest	Cards.Spell.TempestBBS	0.0	0.0	faction1.coffee
icon_beamshock	Cards.Spell.BeamShock	0.0	0.0	faction1.coffee
icon_betrayal	Cards.Spell.Betrayal	0.0	0.0	faction4.coffee
icon_bigshield	Cards.Artifact.SunbondPavise	0.0	0.0	faction1.coffee
icon_bigtime	Cards.Spell.BigTime	0.0	0.0	faction5.coffee
icon_blazingspines	Cards.Spell.BlazingSpines	0.0	0.0	faction6.coffee
icon_blindscorch	Cards.Spell.Blindscorch	0.0	0.0	faction3.coffee
icon_blink	Cards.Spell.Blink	0.0	0.0	faction2.coffee
icon_bloodechoes	Cards.Spell.DeathIncoming	0.0	0.0	faction4.coffee
icon_bloodleechmask	Cards.Artifact.MaskOfBloodLeech	0.0	0.0	faction2.coffee
icon_bloodofair	Cards.Spell.BloodOfAir	0.0	0.0	faction3.coffee
icon_bloodrage	Cards.Spell.BloodRage	0.0	0.0	faction5.coffee
icon_bombard	Cards.Spell.Bombard	0.0	0.0	faction2.coffee
icon_bonechillbarrier	Cards.Spell.BonechillBarrier	0.0	0.0	faction6.coffee
icon_boneswarm	Cards.Spell.BoneSwarm	0.0	0.0	faction3.coffee
icon_boulderhurl	Cards.Spell.BoulderHurl	0.0	0.0	neutral.coffee
icon_boundedlifeforce	Cards.Spell.BoundedLifeforce	0.0	0.0	faction5.coffee
icon_braceletblindingstrike	Cards.Artifact.MaskOfCelerity	0.0	0.0	faction2.coffee
icon_breathunborn	Cards.Spell.BreathOfTheUnborn	0.0	0.0	faction4.coffee
icon_brilliantplume	Cards.Spell.BrilliantPlume	0.0	0.0	neutral.coffee
icon_calltoarms	Cards.Spell.CallToArms	0.0	0.0	faction1.coffee
icon_cascadingrebirth	Cards.Spell.MoltenRebirth	0.0	0.0	faction5.coffee
icon_cascadingrebirth	Cards.Spell.MoltenRebirthFollowup	0.0	0.0	faction5.coffee
icon_cataclysmicfault	Cards.Spell.CataclysmicFault	0.0	0.0	faction3.coffee
icon_channeledbreath	Cards.Spell.ChanneledBreath	0.0	0.0	faction1.coffee
icon_chargeintobattle	Cards.Spell.ChargeIntoBattle	0.0	0.0	faction1.coffee
icon_chromaticcold	Cards.Spell.ChromaticCold	0.0	0.0	faction6.coffee
icon_chrysalisburst	Cards.Spell.ChrysalisBloom	0.0	0.0	faction5.coffee
icon_circleofdessication	Cards.Spell.CircleOfDesiccation	0.0	0.0	faction3.coffee
icon_circleoflife	Cards.Spell.CircleLife	0.0	0.0	faction1.coffee
icon_cobrastrike	Cards.Spell.CobraStrike	0.0	0.0	faction2.coffee
icon_coldbiter	Cards.Artifact.Frostbiter	0.0	0.0	faction6.coffee
icon_conceilingshroud	Cards.Spell.ConcealingShroud	0.0	0.0	faction6.coffee
icon_conscript	Cards.Spell.KingsGuardBBS	0.0	0.0	faction1.coffee
icon_consumingrebirth	Cards.Spell.ConsumingRebirth	0.0	0.0	faction4.coffee
icon_corporealcadence	Cards.Spell.CorporealCadence	0.0	0.0	faction4.coffee
icon_corpsecombustion	Cards.Spell.CorpseCombustion	0.0	0.0	faction3.coffee
icon_cosmicflesh	Cards.Spell.CosmicFlesh	0.0	0.0	faction3.coffee
icon_creepingtendrils	Cards.Spell.ChokingTendrils	0.0	0.0	faction4.coffee
icon_crescentspear	Cards.Artifact.CrescentSpear	0.0	0.0	faction2.coffee
icon_crimsoncoil	Cards.Spell.CrimsonCoil	0.0	0.0	faction2.coffee
icon_cryogenesis	Cards.Spell.Cryogenesis	0.0	0.0	faction6.coffee
icon_crystallize	Cards.Spell.StunBBS	0.0	0.0	faction6.coffee
icon_cultivatingdark	Cards.BossSpell.EntanglingShadow	0.0	0.0	bosses.coffee
icon_curseofagony	Cards.Spell.CurseOfAgony	0.0	0.0	faction4.coffee
icon_cyclonemask	Cards.Artifact.MaskOfTranscendance	0.0	0.0	faction2.coffee
icon_daemoniclure	Cards.Spell.DaemonicLure	0.0	0.0	faction4.coffee
icon_dampeningwave	Cards.Spell.DampeningWave	0.0	0.0	faction5.coffee
icon_darkfiresacrifice	Cards.Spell.DarkSacrifice	0.0	0.0	faction4.coffee
icon_darkpersuasion	Cards.Spell.TwoForMe	0.0	0.0	faction4.coffee
icon_darkseed	Cards.Spell.DarkSeed	0.0	0.0	faction4.coffee
icon_darktransformation	Cards.Spell.DarkTransformation	0.0	0.0	faction4.coffee
icon_dawnseye	Cards.Artifact.DawnsEye	0.0	0.0	faction1.coffee
icon_deathfirecrescendo	Cards.Spell.DeathfireCrescendo	0.0	0.0	faction4.coffee
icon_deathmark	Cards.Spell.Deathmark	0.0	0.0	faction4.coffee
icon_deathstrikeseal	Cards.Spell.DeathstrikeSeal	0.0	0.0	faction2.coffee
icon_decension	Cards.Spell.DebuffBBS	0.0	0.0	faction3.coffee
icon_decimate	Cards.Spell.Decimate	0.0	0.0	faction1.coffee
icon_dejavu	Cards.Spell.DejaVu	0.0	0.0	faction2.coffee
icon_diretidefrenzy	Cards.Spell.DiretideFrenzy	0.0	0.0	faction5.coffee
icon_divinebond	Cards.Spell.DivineBond	0.0	0.0	faction1.coffee
icon_divinespark	Cards.Spell.DivineSpark	0.0	0.0	faction3.coffee
icon_divinestbond	Cards.Spell.DivinestBonderest	0.0	0.0	faction1.coffee
icon_doom	Cards.Spell.Doom	0.0	0.0	faction4.coffee
icon_drainingwave	Cards.Spell.DrainingWave	0.0	0.0	faction1.coffee
icon_droplift	Cards.Spell.DropLift	0.0	0.0	faction3.coffee
icon_earthsphere	Cards.Spell.EarthSphere	0.0	0.0	faction5.coffee
icon_echoingshriek	Cards.Spell.EchoingShriek	0.0	0.0	faction4.coffee
icon_effulgentinfusion	Cards.Spell.EffulgentInfusion	0.0	0.0	faction5.coffee
icon_eggarmor	Cards.Artifact.EggArmor	0.0	0.0	faction5.coffee
icon_egggrenade	Cards.Spell.EggGrenade	0.0	0.0	faction5.coffee
icon_eggmorph	Cards.Spell.EggMorph	0.0	0.0	faction5.coffee
icon_eggmorph	Cards.Spell.HatchAnEgg	0.0	0.0	generic.coffee
icon_eggzactly	Cards.Spell.EmbryoticInsight	0.0	0.0	faction5.coffee
icon_eightgates	Cards.Spell.EightGates	0.0	0.0	faction2.coffee
icon_empyrealcongregation	Cards.Spell.Congregation	0.0	0.0	faction1.coffee
icon_endurethebeastlands	Cards.Spell.EndureTheBeastlands	0.0	0.0	faction5.coffee
icon_energyamulet	Cards.Artifact.EnergyAmulet	0.0	0.0	faction2.coffee
icon_enfeeble	Cards.Spell.Enfeeble	0.0	0.0	faction6.coffee
icon_enslave	Cards.Spell.Enslave	0.0	0.0	faction3.coffee
icon_entericedome	Cards.Spell.EnterThunderdome	0.0	0.0	faction6.coffee
icon_entropicdecay	Cards.Spell.EntropicDecay	0.0	0.0	faction3.coffee
icon_entropicgaze	Cards.Spell.EntropicGaze	0.0	0.0	faction5.coffee
icon_eternalheart	Cards.Artifact.EternalHeart	0.0	0.0	faction5.coffee
icon_etherealblades	Cards.Spell.EtherealBlades	0.0	0.0	faction2.coffee
icon_etherealwind	Cards.BossSpell.EtherealWind	0.0	0.0	bosses.coffee
icon_evilxerox	Cards.Spell.EvilXerox	0.0	0.0	faction4.coffee
icon_evolutionaryapex	Cards.Spell.EvolutionaryApex	0.0	0.0	faction5.coffee
icon_fealty	Cards.Spell.Fealty	0.0	0.0	faction1.coffee
icon_fightingspirit	Cards.Spell.FightingSpirit	0.0	0.0	faction1.coffee
icon_firestormmantra	Cards.Spell.FirestormMantra	0.0	0.0	faction2.coffee
icon_flamingstampede	Cards.Spell.FlamingStampede	0.0	0.0	faction5.coffee
icon_flashfreeze	Cards.Spell.FlashFreeze	0.0	0.0	faction6.coffee
icon_flashreincarnation	Cards.Spell.FlashReincarnation	0.0	0.0	faction5.coffee
icon_flaswlessreflection	Cards.Spell.FlawlessReflection	0.0	0.0	faction6.coffee
icon_flicker	Cards.Spell.Flicker	0.0	0.0	faction2.coffee
icon_fortifiedassault	Cards.Spell.FortifiedAssault	0.0	0.0	faction1.coffee
icon_fountainyouth	Cards.Spell.FountainOfYouth	0.0	0.0	faction3.coffee
icon_fractalreplication	Cards.Spell.FractalReplication	0.0	0.0	faction5.coffee
icon_frigidcorona	Cards.Spell.FrigidCorona	0.0	0.0	faction6.coffee
icon_frostarmor	Cards.BossArtifact.FrostArmor	0.0	0.0	bosses.coffee
icon_frostburn	Cards.Spell.Frostburn	0.0	0.0	faction6.coffee
icon_frostfire	Cards.Spell.PermafrostShield	0.0	0.0	faction6.coffee
icon_gabartifact	Cards.Spell.GrabAThing	0.0	0.0	faction3.coffee
icon_gateothervault	Cards.Spell.GateToDudesHouse	0.0	0.0	faction4.coffee
icon_ghostazalea	Cards.Artifact.GhostAzalea	0.0	0.0	faction4.coffee
icon_ghostlightning	Cards.Spell.GhostLightning	0.0	0.0	faction2.coffee
icon_glacialfissure	Cards.Spell.GlacialFissure	0.0	0.0	faction6.coffee
icon_glimpse	Cards.Spell.BurdenOfKnowledge	0.0	0.0	faction3.coffee
icon_godhammer	Cards.Artifact.GrowthBangle	0.0	0.0	faction5.coffee
icon_gogetem	Cards.Spell.AssassinationProtocol	0.0	0.0	faction2.coffee
icon_goldvitriol	Cards.Artifact.GoldVitriol	0.0	0.0	faction1.coffee
icon_gonewiththewind	Cards.Spell.GoneWithTheWind	0.0	0.0	faction3.coffee
icon_gorehornmask	Cards.Artifact.BackstabGloves	0.0	0.0	faction2.coffee
icon_gotatsu	Cards.Spell.Gotatsu	0.0	0.0	faction2.coffee
icon_gravitywell	Cards.Spell.GravityWell	0.0	0.0	faction6.coffee
icon_greaterfortitude	Cards.Spell.GreaterFortitude	0.0	0.0	faction5.coffee
icon_greatergood	Cards.Spell.AperionsClaim	0.0	0.0	faction1.coffee
icon_hailstoneprison	Cards.Spell.IceCage	0.0	0.0	faction6.coffee
icon_hailstoneprison	Cards.Spell.BounceMinionSpawnEntity	0.0	0.0	generic.coffee
icon_halobulwark	Cards.Artifact.HaloBulwark	0.0	0.0	faction1.coffee
icon_heavenseclipse	Cards.Spell.HeavensEclipse	0.0	0.0	faction2.coffee
icon_hexblade	Cards.Artifact.PoisonHexblade	0.0	0.0	faction3.coffee
icon_hollowvortex	Cards.Spell.HollowVortex	0.0	0.0	faction2.coffee
icon_holyimmolation	Cards.Spell.HolyImmolation	0.0	0.0	faction1.coffee
icon_homeostaticrebuke	Cards.Spell.HomeostaticRebuke	0.0	0.0	faction5.coffee
icon_hornforsaken	Cards.Artifact.HornOfTheForsaken	0.0	0.0	faction4.coffee
icon_icecapsule	Cards.Spell.IceCapsule	0.0	0.0	faction6.coffee
icon_icehooks	Cards.Spell.OwnSideTeleport	0.0	0.0	faction6.coffee
icon_icesculpture	Cards.Spell.EssenceSculpt	0.0	0.0	faction6.coffee
icon_iceshattergauntlet	Cards.Artifact.ShatteringHeart	0.0	0.0	faction6.coffee
icon_increasingdominance	Cards.Spell.IncreasingDominance	0.0	0.0	faction1.coffee
icon_increasinghealth	Cards.Spell.IncreasingHeal	0.0	0.0	faction5.coffee
icon_increasingwinds	Cards.Spell.IncreasingWinds	0.0	0.0	faction3.coffee
icon_infest	Cards.Spell.Infest	0.0	0.0	faction4.coffee
icon_infinitehowlers	Cards.Spell.InfiniteHowlers	0.0	0.0	faction6.coffee
icon_inkhorngaze	Cards.Spell.InkhornGaze	0.0	0.0	faction4.coffee
icon_inklingsurge	Cards.Spell.InklingSurge	0.0	0.0	faction4.coffee
icon_innerfocus	Cards.Spell.InnerFocus	0.0	0.0	faction2.coffee
icon_inneroasis	Cards.Spell.InnerOasis	0.0	0.0	faction3.coffee
icon_invincible	Cards.Spell.Invincible	0.0	0.0	faction1.coffee
icon_irisbarrier	Cards.Artifact.IrisBarrier	0.0	0.0	faction3.coffee
icon_ironbanner	Cards.Artifact.TwoHander	0.0	0.0	faction1.coffee
icon_ironcliffeheart	Cards.Spell.IroncliffeHeart	0.0	0.0	faction1.coffee
icon_irridiumscale	Cards.Artifact.PristineScale	0.0	0.0	faction5.coffee
icon_joseki	Cards.Spell.Joseki	0.0	0.0	faction2.coffee
icon_juxtaposition	Cards.Spell.Juxtaposition	0.0	0.0	faction2.coffee
icon_kagelightning	Cards.Spell.KageLightning	0.0	0.0	faction2.coffee
icon_killingedge	Cards.Spell.KillingEdge	0.0	0.0	faction2.coffee
icon_kindle	Cards.Spell.Kindle	0.0	0.0	faction2.coffee
icon_kineticcoil	Cards.Spell.KineticSurge	0.0	0.0	faction6.coffee
icon_kineticequilibrium	Cards.Spell.KineticEquilibrium	0.0	0.0	faction5.coffee
icon_koanofhorns	Cards.Spell.KoanOfHorns	0.0	0.0	faction2.coffee
icon_laceratingfrost	Cards.BossSpell.LaceratingFrost	0.0	0.0	bosses.coffee
icon_lastingjudgement	Cards.Spell.LastingJudgement	0.0	0.0	faction1.coffee
icon_lavalance	Cards.Spell.LavaLance	0.0	0.0	faction5.coffee
icon_lifecoil	Cards.Spell.LifeCoil	0.0	0.0	faction1.coffee
icon_lifestream	Cards.Spell.Resilience	0.0	0.0	faction1.coffee
icon_lightningblitz	Cards.Spell.LightningBlitz	0.0	0.0	faction6.coffee
icon_lionheartblessing	Cards.Spell.LionheartBlessing	0.0	0.0	faction1.coffee
icon_livingflame	Cards.BossSpell.LivingFlame	0.0	0.0	bosses.coffee
icon_lostindesert	Cards.Spell.LostInTheDesert	0.0	0.0	faction3.coffee
icon_lucentbeam	Cards.Spell.LucentBeam	0.0	0.0	faction1.coffee
icon_luminouscharge	Cards.Spell.LuminousCharge	0.0	0.0	faction6.coffee
icon_lurkingfear	Cards.Spell.LurkingFear	0.0	0.0	faction4.coffee
icon_maelstrom	Cards.Spell.Maelstrom	0.0	0.0	faction3.coffee
icon_magitekupgrade	Cards.Spell.KinematicProjection	0.0	0.0	faction3.coffee
icon_magnetize	Cards.Spell.Magnetize	0.0	0.0	faction1.coffee
icon_malice	Cards.Spell.SacrificeBBS	0.0	0.0	faction4.coffee
icon_manaburn	Cards.Spell.DanceOfDreams	0.0	0.0	faction5.coffee
icon_manadeathgrip	Cards.Spell.ManaDeathgrip	0.0	0.0	faction6.coffee
icon_manavortex	Cards.Spell.ManaVortex	0.0	0.0	faction2.coffee
icon_marchbrontodon	Cards.Spell.MarchOfTheBrontos	0.0	0.0	faction5.coffee
icon_markofsolitude	Cards.Spell.MarkOfSolitude	0.0	0.0	faction6.coffee
icon_martyrdom	Cards.Spell.Martyrdom	0.0	0.0	faction1.coffee
icon_maskofshadows	Cards.Artifact.MaskOfShadows	0.0	0.0	faction2.coffee
icon_massflying	Cards.Spell.MassFlight	0.0	0.0	faction2.coffee
icon_matchtwo	Cards.Spell.EqualityConstraint	0.0	0.0	faction3.coffee
icon_mechprogress	Cards.Spell.MechProgress	0.0	0.0	faction2.coffee
icon_mesmerize	Cards.Spell.Numb	0.0	0.0	faction6.coffee
icon_metalmeld	Cards.Spell.Metalworking	0.0	0.0	faction3.coffee
icon_metamorphosis	Cards.Spell.Metamorphosis	0.0	0.0	faction5.coffee
icon_meteor	Cards.Spell.Spaghettify	0.0	0.0	faction5.coffee
icon_mindlathe	Cards.Artifact.Mindlathe	0.0	0.0	faction4.coffee
icon_mindsteal	Cards.Spell.MindSteal	0.0	0.0	faction5.coffee
icon_mirrormeld	Cards.Spell.MirrorMeld	0.0	0.0	faction2.coffee
icon_mistdragonseal	Cards.Spell.MistDragonSeal	0.0	0.0	faction2.coffee
icon_mistwalking	Cards.Spell.MistWalking	0.0	0.0	faction2.coffee
icon_modlingearth	Cards.BossSpell.MoldingEarth	0.0	0.0	bosses.coffee
icon_monolithicvision	Cards.Spell.MonolithicVision	0.0	0.0	faction3.coffee
icon_morinkhur	Cards.Artifact.MorinKhur	0.0	0.0	faction5.coffee
icon_munch	Cards.Spell.TickleTendril	0.0	0.0	faction4.coffee
icon_naturalselection	Cards.Spell.NaturalSelection	0.0	0.0	faction5.coffee
icon_naturesconfluence	Cards.Spell.NaturesConfluence	0.0	0.0	faction5.coffee
icon_necroticsphere	Cards.Spell.NecroticSphere	0.0	0.0	faction4.coffee
icon_nethermeld	Cards.Spell.Nethermeld	0.0	0.0	faction4.coffee
icon_nethersummoning	Cards.Spell.NetherSummoning	0.0	0.0	faction4.coffee
icon_neurolink	Cards.Spell.Neurolink	0.0	0.0	faction3.coffee
icon_oblivionsickle	Cards.Artifact.OblivionSickle	0.0	0.0	faction3.coffee
icon_obscuringblow	Cards.Spell.Backstabbery	0.0	0.0	faction2.coffee
icon_oncemore	Cards.Spell.OnceMoreWithProvoke	0.0	0.0	faction1.coffee
icon_onyxbearseal	Cards.Spell.OnyxBearSeal	0.0	0.0	faction2.coffee
icon_ornatehiogi	Cards.Artifact.OrnateHiogi	0.0	0.0	faction2.coffee
icon_overload	Cards.Spell.Overload	0.0	0.0	faction5.coffee
icon_pandajail	Cards.Spell.PandaJail	0.0	0.0	faction2.coffee
icon_pandamonium	Cards.Spell.Pandamonium	0.0	0.0	faction2.coffee
icon_perilousfooting	Cards.Spell.Triggered	0.0	0.0	faction4.coffee
icon_permafrost	Cards.Spell.CreepingFrost	0.0	0.0	faction6.coffee
icon_petalflurry	Cards.Spell.SwordsBBS	0.0	0.0	faction2.coffee
icon_phoenixbarrage	Cards.Spell.GreaterPhoenixFire	0.0	0.0	faction2.coffee
icon_phoenixfire2	Cards.Spell.PhoenixFire	0.0	0.0	faction2.coffee
icon_plasmastorm	Cards.Spell.PlasmaStorm	0.0	0.0	faction5.coffee
icon_polarity	Cards.Spell.RitualOfTheWind	0.0	0.0	faction6.coffee
icon_presstheattack	Cards.Spell.DauntlessAdvance	0.0	0.0	faction1.coffee
icon_primalballast	Cards.Spell.PrimalBallast	0.0	0.0	faction5.coffee
icon_prismbarrier	Cards.Spell.PrismBarrier	0.0	0.0	faction1.coffee
icon_projection	Cards.Spell.BootyProjection	0.0	0.0	faction2.coffee
icon_propogaterage	Cards.Spell.EggBBS	0.0	0.0	faction5.coffee
icon_psionicrecall	Cards.Spell.PsionicStrike	0.0	0.0	faction3.coffee
icon_psychicconduit	Cards.Spell.PsychicConduit	0.0	0.0	faction3.coffee
icon_punish	Cards.Spell.Punish	0.0	0.0	faction4.coffee
icon_ragechakram	Cards.Artifact.FurorChakram	0.0	0.0	faction4.coffee
icon_ragereactor	Cards.Artifact.RageReactor	0.0	0.0	faction5.coffee
icon_rally	Cards.Spell.Rally	0.0	0.0	faction1.coffee
icon_rashascurse	Cards.Spell.RashasCurse	0.0	0.0	faction3.coffee
icon_rashascurse	Cards.Spell.RashasCurseFollowup	0.0	0.0	faction3.coffee
icon_razorskin	Cards.Spell.RazorSkin	0.0	0.0	faction5.coffee
icon_reassemble	Cards.Spell.Reassemble	0.0	0.0	faction3.coffee
icon_reggsplicate	Cards.Spell.Reggplicate	0.0	0.0	faction5.coffee
icon_repairstaff	Cards.Artifact.RepairSword	0.0	0.0	faction3.coffee
icon_restoringlight	Cards.BossSpell.RestoringLight	0.0	0.0	bosses.coffee
icon_riddle	Cards.Spell.Riddle	0.0	0.0	m11_penny_arcade.coffee
icon_riteundervault	Cards.Spell.RiteOfTheUndervault	0.0	0.0	faction4.coffee
icon_ritualbanishing	Cards.Spell.RitualBanishing	0.0	0.0	faction4.coffee
icon_roar	Cards.Spell.Roar	0.0	0.0	faction1.coffee
icon_saberspineseal	Cards.Spell.SaberspineSeal	0.0	0.0	faction2.coffee
icon_sanctify	Cards.Spell.Sanctify	0.0	0.0	faction1.coffee
icon_sandtrap	Cards.Spell.DrainMorale	0.0	0.0	faction3.coffee
icon_saurianfinality	Cards.Spell.SaurianFinality	0.0	0.0	faction5.coffee
icon_scionsfirstwish	Cards.Spell.ScionsFirstWish	0.0	0.0	faction3.coffee
icon_scionssecondwish	Cards.Spell.ScionsSecondWish	0.0	0.0	faction3.coffee
icon_scionsthirdwish	Cards.Spell.ScionsThirdWish	0.0	0.0	faction3.coffee
icon_seekersquad	Cards.Spell.SeekerSquad	0.0	0.0	faction2.coffee
icon_seekingeye	Cards.Spell.SeekingEye	0.0	0.0	faction5.coffee
icon_shadowblossom	Cards.Spell.ShadowBlossom	0.0	0.0	faction4.coffee
icon_shadownova	Cards.Spell.ShadowNova	0.0	0.0	faction4.coffee
icon_shadowreflection	Cards.Spell.ShadowReflection	0.0	0.0	faction4.coffee
icon_shadowspawn	Cards.Spell.Shadowspawn	0.0	0.0	faction4.coffee
icon_shadowstalk	Cards.Spell.Shadowstalk	0.0	0.0	faction4.coffee
icon_shadowwaltz	Cards.Spell.ShadowWaltz	0.0	0.0	faction2.coffee
icon_shatter	Cards.Spell.Shatter	0.0	0.0	faction6.coffee
icon_siphonenergy	Cards.Spell.SiphonEnergy	0.0	0.0	faction3.coffee
icon_skyburial	Cards.Spell.SkyBurial	0.0	0.0	faction1.coffee
icon_skyphalanx	Cards.Spell.SkyPhalanx	0.0	0.0	faction1.coffee
icon_skywindglaives	Cards.Artifact.IndomitableWill	0.0	0.0	faction1.coffee
icon_skywindglaives	Cards.BossArtifact.CycloneGenerator	0.0	0.0	bosses.coffee
icon_smashem	Cards.Spell.UpperHand	0.0	0.0	faction5.coffee
icon_snowchipper	Cards.Artifact.SnowChipper	0.0	0.0	faction6.coffee
icon_snowpiercer	Cards.Artifact.Snowpiercer	0.0	0.0	faction6.coffee
icon_snowstorm	Cards.Spell.BlindingSnowstorm	0.0	0.0	faction6.coffee
icon_soulgrimwar	Cards.Artifact.SoulGrimwar	0.0	0.0	faction4.coffee
icon_soulshatterpact	Cards.Spell.SoulshatterPact	0.0	0.0	faction4.coffee
icon_spectralblade	Cards.Artifact.SpectralBlade	0.0	0.0	faction4.coffee
icon_spellsword1	Cards.Spell.SpellSword1	0.0	0.0	faction2.coffee
icon_spellsword2	Cards.Spell.SpellSword2	0.0	0.0	faction2.coffee
icon_spellsword3	Cards.Spell.SpellSword3	0.0	0.0	faction2.coffee
icon_spellsword4	Cards.Spell.SpellSword4	0.0	0.0	faction2.coffee
icon_sphereofdarkness	Cards.Spell.SphereOfDarkness	0.0	0.0	faction4.coffee
icon_spinecleaver	Cards.Artifact.Spinecleaver	0.0	0.0	faction3.coffee
icon_spiralcounter	Cards.Spell.SpiralCounter	0.0	0.0	faction2.coffee
icon_spiraltechnique	Cards.Spell.SpiralTechnique	0.0	0.0	faction2.coffee
icon_spiritofthewild	Cards.Spell.SpiritoftheWild	0.0	0.0	faction6.coffee
icon_spiritofvaath	Cards.Spell.VaathsBrutality	0.0	0.0	faction5.coffee
icon_spookem	Cards.Spell.HorrificVisage	0.0	0.0	faction4.coffee
icon_staffykir	Cards.Artifact.StaffOfYKir	0.0	0.0	faction3.coffee
icon_standtogether	Cards.Spell.SteadfastFormation	0.0	0.0	faction1.coffee
icon_starsfury	Cards.Spell.StarsFury	0.0	0.0	faction3.coffee
icon_stonestospears	Cards.Spell.StoneToSpears	0.0	0.0	faction3.coffee
icon_substitution	Cards.Spell.Substitution	0.0	0.0	faction2.coffee
icon_summoningstones	Cards.Spell.SummoningStones	0.0	0.0	faction3.coffee
icon_sunbloom	Cards.Spell.SunBloom	0.0	0.0	faction1.coffee
icon_sundropelixir	Cards.Spell.SundropElixir	0.0	0.0	faction1.coffee
icon_sunstonebracers	Cards.Artifact.SunstoneBracers	0.0	0.0	faction1.coffee
icon_sunstonebracers	Cards.TutorialArtifact.TutorialSunstoneBracers	0.0	0.0	tutorial.coffee
icon_sunstrike	Cards.Spell.Sunstrike	0.0	0.0	faction1.coffee
icon_superiormirage	Cards.Spell.SuperiorMirage	0.0	0.0	faction3.coffee
icon_supermalice	Cards.Spell.SummonHusks	0.0	0.0	faction4.coffee
icon_supershadowspawn	Cards.Spell.FuriousLings	0.0	0.0	faction4.coffee
icon_supertaint	Cards.Spell.SummonFiends	0.0	0.0	faction4.coffee
icon_taint	Cards.Spell.AbyssalScar	0.0	0.0	faction4.coffee
icon_tectonicspikes	Cards.Spell.TectonicSpikes	0.0	0.0	faction5.coffee
icon_tempest	Cards.Spell.Tempest	0.0	0.0	faction1.coffee
icon_thedredger	Cards.Artifact.TheDredger	0.0	0.0	faction6.coffee
icon_thereleaser	Cards.Artifact.AngryRebirthAmulet	0.0	0.0	faction4.coffee
icon_thoughtexchange	Cards.Spell.ThoughtExchange	0.0	0.0	faction3.coffee
icon_thumpingwave	Cards.Spell.ThumpingWave	0.0	0.0	faction5.coffee
icon_thunderbomb	Cards.Spell.Thunderbomb	0.0	0.0	faction2.coffee
icon_thunderclap	Cards.Artifact.Thunderclap	0.0	0.0	faction3.coffee
icon_tremor	Cards.Spell.Tremor	0.0	0.0	faction5.coffee
icon_trinitycourage	Cards.Spell.DragonHeart	0.0	0.0	neutral.coffee
icon_trinityoath	Cards.Spell.TrinityOath	0.0	0.0	faction1.coffee
icon_trinitypower	Cards.Spell.DragonBreath	0.0	0.0	neutral.coffee
icon_trinitywisdom	Cards.Spell.DragonGrace	0.0	0.0	neutral.coffee
icon_truestrike	Cards.Spell.TrueStrike	0.0	0.0	faction1.coffee
icon_truestrike	Cards.TutorialSpell.TutorialPlayerTrueStrike	0.0	0.0	tutorial.coffee
icon_twilightreiki	Cards.Spell.TwilightReiki	0.0	0.0	faction2.coffee
icon_twilightsurge	Cards.Spell.ArcaneHeart	0.0	0.0	faction2.coffee
icon_twinfang	Cards.Artifact.TwinFang	0.0	0.0	faction5.coffee
icon_twinstrike	Cards.Spell.TwinStrike	0.0	0.0	faction2.coffee
icon_unstoppableforce	Cards.Spell.ElementalFury	0.0	0.0	faction6.coffee
icon_valeascension	Cards.Spell.ValeAscension	0.0	0.0	faction1.coffee
icon_valknuseal	Cards.Spell.ValknusSeal	0.0	0.0	faction5.coffee
icon_veilofunraveling	Cards.Spell.VeilOfUnraveling	0.0	0.0	faction4.coffee
icon_vellumscry	Cards.Spell.Vellumscry	0.0	0.0	faction4.coffee
icon_verdentfulmination	Cards.Spell.VerdentFulmination	0.0	0.0	faction5.coffee
icon_vespyriccall	Cards.Spell.VespyricCall	0.0	0.0	faction6.coffee
icon_vespyrmight	Cards.Spell.VespyrianMight	0.0	0.0	faction6.coffee
icon_voidpulse	Cards.Spell.VoidPulse	0.0	0.0	faction4.coffee
icon_voidsteal	Cards.Spell.VoidSteal	0.0	0.0	faction4.coffee
icon_wailingoverdrive	Cards.Spell.WailingOverdrive	0.0	0.0	faction6.coffee
icon_warbird	Cards.Spell.Warbird	0.0	0.0	faction6.coffee
icon_warsurge	Cards.Spell.WarSurge	0.0	0.0	faction1.coffee
icon_waterball	Cards.Spell.SnowballBBS	0.0	0.0	faction6.coffee
icon_whisperofthesands	Cards.Spell.WhisperOfTheSands	0.0	0.0	faction3.coffee
icon_whiteasp	Cards.Artifact.WhiteAsp	0.0	0.0	faction6.coffee
icon_wildfireankh	Cards.Artifact.AnkhFireNova	0.0	0.0	faction3.coffee
icon_windshroud	Cards.Spell.WindShroud	0.0	0.0	faction3.coffee
icon_winterblade	Cards.Artifact.Winterblade	0.0	0.0	faction6.coffee
icon_winterswake	Cards.Spell.WintersWake	0.0	0.0	faction6.coffee
icon_wintertide	Cards.Spell.Wintertide	0.0	0.0	faction6.coffee
icon_wraithlingfury	Cards.Spell.AbyssianStrength	0.0	0.0	faction4.coffee
icon_wraithlingswarm	Cards.Spell.WraithlingSwarm	0.0	0.0	faction4.coffee
icon_wraithring	Cards.Artifact.WraithlingAmulet	0.0	0.0	faction4.coffee
icon_yellloud	Cards.Spell.YellRealLoud	0.0	0.0	faction5.coffee
iconf1_goldenhammer	Cards.Artifact.LyonarRelic	0.0	0.0	neutral.coffee
iconf2_goldenhammer	Cards.Artifact.SonghaiRelic	0.0	0.0	neutral.coffee
iconf3_goldenhammer	Cards.Artifact.VetruvianRelic	0.0	0.0	neutral.coffee
iconf4_goldenhammer	Cards.Artifact.AbyssianRelic	0.0	0.0	neutral.coffee
iconf5_goldenhammer	Cards.Artifact.MagmarRelic	0.0	0.0	neutral.coffee
iconf6_goldenhammer	Cards.Artifact.VanarRelic	0.0	0.0	neutral.coffee
iconicon_twiceice	Cards.Spell.CrystallineReinforcement	0.0	0.0	faction6.coffee
iconneutral_goldenhammer	Cards.Artifact.NeutralRelic	0.0	0.0	neutral.coffee
neutral_abjudicator	Cards.Neutral.Abjudicator	1.2	0.0	m8_rexx.coffee
neutral_aer	Cards.Neutral.AerOwlblade	0.6	0.0	neutral.coffee
neutral_aethermaster	Cards.Neutral.Aethermaster	0.9	0.0	neutral.coffee
neutral_alterrexx	Cards.Neutral.AlterRexx	1.2	0.0	m8_rexx.coffee
neutral_amu	Cards.Neutral.Amu	0.9	0.0	neutral.coffee
neutral_arakiheadhunter	Cards.Neutral.ArakiHeadhunter	1.2	0.0	m3_opening_gambit_buff.coffee
neutral_arrowwhistler	Cards.Neutral.ArrowWhistler	0.4	0.0	m7_warmasters.coffee
neutral_artificer	Cards.Neutral.Artificer	0.3	0.0	neutral.coffee
neutral_artificereshaper	Cards.Neutral.MatterShaper	1.2	0.0	neutral.coffee
neutral_ashmephyt	Cards.Neutral.AshMephyt	1.3	0.0	neutral.coffee
neutral_astralcrusader	Cards.Neutral.AstralCrusader	1.2	0.0	m4_replace.coffee
neutral_astralprime	Cards.Neutral.VoidExploder	1.5	0.0	neutral.coffee
neutral_azureherald	Cards.Neutral.AzureHerald	0.3	0.0	m13_november_monthlies.coffee
neutral_bastion	Cards.Neutral.Bastion	1.2	0.0	m8_rexx.coffee
neutral_beastcavern	Cards.Neutral.KomodoCharger	0.45	0.0	neutral.coffee
neutral_beastdarkharbinger	Cards.Neutral.PhaseHound	0.4	0.0	neutral.coffee
neutral_beastmaster	Cards.Neutral.Beastmaster	1.2	0.0	neutral.coffee
neutral_beastmirkwooddevourer	Cards.Neutral.MirkbloodDevourer	1.25	0.0	neutral.coffee
neutral_beastphasehound	Cards.Neutral.PlanarScout	0.4	0.0	neutral.coffee
neutral_beastrepulsion	Cards.Neutral.RepulsionBeast	0.5	0.0	neutral.coffee
neutral_beastrepulsion	Cards.Tutorial.TutorialRepulsor	0.5	0.0	tutorial.coffee
neutral_beastsaberspinetiger	Cards.Neutral.SaberspineTiger	0.4	0.0	neutral.coffee
neutral_beastsaberspinetiger	Cards.Tutorial.TutorialSaberspineTiger	0.4	0.0	tutorial.coffee
neutral_beastswamp	Cards.Neutral.VineEntangler	0.6	0.0	neutral.coffee
neutral_blacklocust	Cards.Neutral.BlackLocust	1.2	0.0	m1_movement.coffee
neutral_blisteringscorn	Cards.Neutral.BlisteringSkorn	1.2	0.0	m10_general_damage.coffee
neutral_bloodletter	Cards.Neutral.Decimus	1.2	0.0	m13_november_monthlies.coffee
neutral_bloodstonealchemist	Cards.Neutral.BloodtearAlchemist	0.3	0.0	neutral.coffee
neutral_blueconjurer	Cards.Neutral.BlueConjurer	1.2	0.0	neutral.coffee
neutral_bonereaper	Cards.Neutral.Bonereaper	1.2	0.0	m5_provoke.coffee
neutral_boulderbreach	Cards.Neutral.BoulderBreacher	1.7	0.0	neutral.coffee
neutral_boulderhurler	Cards.Neutral.Rokadoptera	1.2	0.0	neutral.coffee
neutral_buildcommon	Cards.Neutral.RescueRX	0.3	0.0	neutral.coffee
neutral_buildepic	Cards.Neutral.ArchitectT2K5	1.0	0.0	neutral.coffee
neutral_buildminion	Cards.Neutral.RescueRXBuilding	1.2	0.0	neutral.coffee
neutral_buildminion	Cards.Neutral.ArchitectBuilding	1.2	0.0	neutral.coffee
neutral_calculator	Cards.Neutral.Calculator	1.2	0.0	neutral.coffee
neutral_capriciouswarrior	Cards.Neutral.CapriciousMarauder	1.2	0.0	neutral.coffee
neutral_captainhankheart	Cards.Neutral.HankHart	0.5	0.0	neutral.coffee
neutral_celebrant	Cards.Neutral.Celebrant	0.3	0.0	neutral.coffee
neutral_chakkram	Cards.Neutral.Chakkram	1.5	0.0	m10_general_damage.coffee
neutral_chaoselemental	Cards.Neutral.ChaosElemental	1.1	0.0	neutral.coffee
neutral_chloroara	Cards.Neutral.ArarasShuffler	1.2	0.0	neutral.coffee
neutral_contentiousbrute	Cards.Neutral.RedsteelMinos	1.1	0.0	neutral.coffee
neutral_crimsonmystic	Cards.Neutral.FrizzlingMystic	1.2	0.0	neutral.coffee
neutral_critterc	Cards.Neutral.PartyAnimal4	1.1	0.0	neutral.coffee
neutral_critterd	Cards.Neutral.PartyAnimal3	0.6	0.0	neutral.coffee
neutral_cryptographer	Cards.Neutral.Cryptographer	0.3	0.0	neutral.coffee
neutral_dagona	Cards.Neutral.Sanguinar	0.3	0.0	neutral.coffee
neutral_dagonafish	Cards.Neutral.DagonaFish	0.3	0.0	neutral.coffee
neutral_darknemesis	Cards.Neutral.DarkNemesis	0.8	0.0	neutral.coffee
neutral_daywatcher	Cards.Neutral.DayWatcher	0.8	0.0	m12_october_monthlies.coffee
neutral_deathblighter	Cards.Neutral.DeathBlighter	0.6	0.0	neutral.coffee
neutral_deceptib0t	Cards.Neutral.Deceptibot	1.2	0.0	neutral.coffee
neutral_dex	Cards.Neutral.Doxx	1.2	0.0	neutral.coffee
neutral_diamondgolem	Cards.Neutral.DiamondGolem	1.8	0.0	m8_rexx.coffee
neutral_dilotas_attack	Cards.Neutral.Dilotas	1.2	0.0	neutral.coffee
neutral_dreamgazer	Cards.Neutral.Dreamgazer	1.2	0.0	m4_replace.coffee
neutral_dustwailer	Cards.Neutral.DustWailer	0.4	0.0	m12_october_monthlies.coffee
neutral_eclipse	Cards.Neutral.Eclipse	0.9	0.0	neutral.coffee
neutral_emp	Cards.Neutral.EMP	1.7	0.0	neutral.coffee
neutral_envybaer	Cards.Neutral.Envybaer	1.2	0.0	m9_streamers.coffee
neutral_exun	Cards.Neutral.EXun	1.3	0.0	m6_forcefield.coffee
neutral_feralu	Cards.Neutral.Feralu	0.5	0.0	neutral.coffee
neutral_firestarter	Cards.Neutral.Firestarter	1.1	0.0	m2_reactive.coffee
neutral_fog	Cards.Neutral.Fog	1.2	0.0	neutral.coffee
neutral_gambler	Cards.Neutral.Gambler	0.8	0.0	neutral.coffee
neutral_gauntletmaster	Cards.Neutral.PrimusFist	0.5	0.0	neutral.coffee
neutral_geargrinder	Cards.Neutral.Qorrhlmaa	1.2	0.0	neutral.coffee
neutral_ghostlynx	Cards.Neutral.GhostLynx	0.9	0.0	m1_movement.coffee
neutral_ghoulie	Cards.Neutral.Ghoulie	0.3	0.0	neutral.coffee
neutral_giantcrab	Cards.Neutral.Carcynus	1.2	0.0	neutral.coffee
neutral_gnasher	Cards.Neutral.Gnasher	1.0	0.0	neutral.coffee
neutral_goldenhammer	Cards.Neutral.Reliquarian	0.9	0.0	neutral.coffee
neutral_goldenjusticar	Cards.Neutral.GoldenJusticar	0.8	0.0	m7_warmasters.coffee
neutral_goldenmantella	Cards.Neutral.GoldenMantella	1.2	0.0	neutral.coffee
neutral_golem_crossbones	Cards.Neutral.Crossbones	0.8	0.0	neutral.coffee
neutral_golembloodshard	Cards.Neutral.BloodshardGolem	0.3	0.0	neutral.coffee
neutral_golembloodshard	Cards.Tutorial.TutorialBloodshardGolem	0.3	0.0	tutorial.coffee
neutral_golemdragonbone	Cards.Neutral.DragoneboneGolem	0.5	0.0	neutral.coffee
neutral_golemdragonbone	Cards.Tutorial.TutorialDragoneboneGolem	0.5	0.0	tutorial.coffee
neutral_golemice	Cards.Neutral.HailstoneGolem	0.3	0.0	neutral.coffee
neutral_golemice	Cards.Tutorial.TutorialIceGolem	0.3	0.0	tutorial.coffee
neutral_golemnature	Cards.Neutral.BrightmossGolem	0.4	0.0	neutral.coffee
neutral_golemnature	Cards.Tutorial.TutorialBrightmossGolem	0.4	0.0	tutorial.coffee
neutral_golemrunesand	Cards.Neutral.SkyrockGolem	0.4	0.0	neutral.coffee
neutral_golemrunesand	Cards.Tutorial.TutorialSkyrockGolem	0.4	0.0	tutorial.coffee
neutral_golemsteel	Cards.Neutral.GolemMetallurgist	0.5	0.0	neutral.coffee
neutral_golemstone	Cards.Neutral.GolemVanquisher	0.5	0.0	neutral.coffee
neutral_golemstormmetal	Cards.Neutral.StormmetalGolem	0.5	0.0	neutral.coffee
neutral_golemstormmetal	Cards.Tutorial.TutorialStormmetalGolem	0.5	0.0	tutorial.coffee
neutral_grablackhole	Cards.Neutral.Graboctopus	1.6	0.0	neutral.coffee
neutral_grimes	Cards.Neutral.Grimes	1.2	0.0	neutral.coffee
neutral_grincher	Cards.Neutral.Grincher	1.2	0.0	m9_streamers.coffee
neutral_gro	Cards.Tutorial.TutorialGro	0.6	0.0	tutorial.coffee
neutral_hatred	Cards.Neutral.Recombobulus	0.3	0.0	neutral.coffee
neutral_healingmystic	Cards.Neutral.HealingMystic	0.9	0.0	neutral.coffee
neutral_highhand	Cards.Neutral.TheHighHand	0.95	0.0	neutral.coffee
neutral_hollowgrovekeeper	Cards.Neutral.HollowGrovekeeper	1.2	0.0	m5_provoke.coffee
neutral_hsuku	Cards.Neutral.Hsuku	1.2	0.0	neutral.coffee
neutral_hydrax	Cards.Neutral.Hydrax	1.2	0.0	neutral.coffee
neutral_incindy	Cards.Neutral.IncindyDindy	1.2	0.0	neutral.coffee
neutral_inquisitorkron	Cards.Neutral.InquisitorKron	1.2	0.0	neutral.coffee
neutral_ion	Cards.Neutral.Ion	1.2	0.0	neutral.coffee
neutral_ironclad	Cards.Neutral.Ironclad	1.7	0.0	m13_november_monthlies.coffee
neutral_jaxi	Cards.Neutral.Jaxi	1.2	0.2	m2_reactive.coffee
neutral_jaxtruesight	Cards.Neutral.JaxTruesight	1.2	0.2	neutral.coffee
neutral_keeperofthevale	Cards.Neutral.KeeperOfTheVale	1.0	0.0	m3_opening_gambit_buff.coffee
neutral_khymera	Cards.Neutral.Khymera	0.7	0.0	m2_reactive.coffee
neutral_kin	Cards.Faction5.Kin	0.9	0.0	faction5.coffee
neutral_koi	Cards.Neutral.Koi	1.2	0.0	neutral.coffee
neutral_komodokin	Cards.Neutral.KomodoHunter	1.2	0.0	neutral.coffee
neutral_ladylocke	Cards.Neutral.LadyLocke	1.1	0.0	neutral.coffee
neutral_letigress	Cards.Neutral.Letigress	0.8	0.0	neutral.coffee
neutral_letigresscub	Cards.Neutral.TigerCub	0.9	0.0	neutral.coffee
neutral_loreweaver	Cards.Neutral.Duplicator	0.3	0.0	neutral.coffee
neutral_luxignis	Cards.Neutral.LuxIgnis	1.2	0.0	neutral.coffee
neutral_mageswarm	Cards.Neutral.Magesworn	1.2	0.0	neutral.coffee
neutral_masteroftheseven	Cards.Neutral.ValueMcDownside	1.2	0.0	neutral.coffee
neutral_maw	Cards.Neutral.Maw	0.35	0.0	neutral.coffee
neutral_mechaz0rcannon	Cards.Neutral.Mechaz0rCannon	0.4	0.2	neutral.coffee
neutral_mechaz0rchassis	Cards.Neutral.Mechaz0rChassis	0.5	0.0	neutral.coffee
neutral_mechaz0rhelm	Cards.Neutral.Mechaz0rHelm	0.3	0.0	neutral.coffee
neutral_mechaz0rsuper	Cards.Neutral.Mechaz0r	0.8	0.0	neutral.coffee
neutral_mechaz0rsword	Cards.Neutral.Mechaz0rSword	0.25	0.0	neutral.coffee
neutral_mechaz0rwing	Cards.Neutral.Mechaz0rWings	0.3	0.0	neutral.coffee
neutral_meltdown	Cards.Neutral.Meltdown	0.8	0.0	neutral.coffee
neutral_mercarcanelimiter	Cards.Neutral.Lightbender	0.5	0.0	neutral.coffee
neutral_mercarchonspellbinder	Cards.Neutral.ArchonSpellbinder	1.2	0.0	neutral.coffee
neutral_mercazurehorn	Cards.Neutral.AzureHornShaman	0.3	0.0	neutral.coffee
neutral_merccaster1	Cards.Neutral.Prisoner6	0.6	0.0	neutral.coffee
neutral_mercdaggerkiri	Cards.Neutral.DaggerKiri	0.4	0.0	neutral.coffee
neutral_mercflamebloodwarlock	Cards.Neutral.FlamebloodWarlock	0.6	0.0	neutral.coffee
neutral_mercfrostbonenaga	Cards.Neutral.FrostboneNaga	0.5	0.0	neutral.coffee
neutral_mercgambitgirl	Cards.Neutral.Sojourner	0.3	0.0	neutral.coffee
neutral_mercgrenadier	Cards.Neutral.FireSpitter	0.4	0.0	neutral.coffee
neutral_mercmelee2	Cards.Neutral.Prisoner3	0.6	0.0	neutral.coffee
neutral_mercmelee3	Cards.Neutral.Bloodletter	0.4	0.0	neutral.coffee
neutral_mercmindwarper	Cards.Neutral.Mindwarper	0.3	0.0	neutral.coffee
neutral_mercneedler	Cards.Neutral.ThornNeedler	0.4	0.0	neutral.coffee
neutral_mercneedler	Cards.Tutorial.TutorialThornNeedler	0.4	0.0	tutorial.coffee
neutral_mercowlbearmage	Cards.Neutral.OwlbeastSage	0.5	0.0	neutral.coffee
neutral_mercpirate	Cards.Neutral.SilvertongueCorsair	0.4	0.0	neutral.coffee
neutral_mercshieldoracle	Cards.Neutral.WindStopper	0.6	0.0	neutral.coffee
neutral_mercsightlessfarseer	Cards.Neutral.AlcuinLoremaster	0.3	0.0	neutral.coffee
neutral_mercsongweaver	Cards.Neutral.Songweaver	0.6	0.0	neutral.coffee
neutral_mercsunseer	Cards.Neutral.SunSeer	0.8	0.0	neutral.coffee
neutral_mercswornavanger	Cards.Neutral.SwornAvenger	0.4	0.2	neutral.coffee
neutral_mercsworndefender	Cards.Neutral.SwornDefender	0.25	0.0	neutral.coffee
neutral_merctwilightmage	Cards.Neutral.TwilightMage	0.3	0.0	neutral.coffee
neutral_merctwinbladewarmonger	Cards.Neutral.VenomToth	0.3	0.0	neutral.coffee
neutral_metaltooth	Cards.Neutral.Metaltooth	0.9	0.0	neutral.coffee
neutral_minijax	Cards.Neutral.MiniJax	1.2	0.2	neutral.coffee
neutral_mirrormancer	Cards.Neutral.DuplicatorShuffler	1.0	0.0	neutral.coffee
neutral_moebius	Cards.Neutral.Moebius	1.2	0.0	neutral.coffee
neutral_mogwai	Cards.Neutral.Mogwai	0.9	0.0	m1_movement.coffee
neutral_moltengolem	Cards.Neutral.BiggestGiantGolem	0.5	0.0	neutral.coffee
neutral_monsterartifacthunter	Cards.Neutral.Manaforger	0.7	0.0	neutral.coffee
neutral_monsterblacksandburrower	Cards.Neutral.BlackSandBurrower	0.5	0.0	neutral.coffee
neutral_monstercoiledcrawler	Cards.Neutral.CoiledCrawler	0.6	0.0	neutral.coffee
neutral_monstercrystalwisp	Cards.Faction6.CrystalWisp	0.35	0.0	faction6.coffee
neutral_monsterdancingblades	Cards.Neutral.DancingBlades	1.1	0.0	neutral.coffee
neutral_monsterdarkharbinger	Cards.Neutral.HailstoneHowler	0.6	0.0	neutral.coffee
neutral_monsterdragonhawk	Cards.Neutral.SpottedDragonlark	0.4	0.0	neutral.coffee
neutral_monsterdreamoracle	Cards.Neutral.EphemeralShroud	0.3	0.0	neutral.coffee
neutral_monsterexplodingdemon	Cards.Neutral.RockPulverizer	0.2	0.0	neutral.coffee
neutral_monsterflamewing	Cards.Neutral.FlameWing	0.4	0.0	neutral.coffee
neutral_monsterlightningbeetle	Cards.Neutral.LightningBeetle	1.2	0.0	neutral.coffee
neutral_monsteroculus	Cards.Neutral.CrimsonOculus	0.4	0.0	neutral.coffee
neutral_monsteronyxscorpion	Cards.Neutral.BluetipScorpion	0.4	0.0	neutral.coffee
neutral_monsterputridmindflayer	Cards.Neutral.PutridMindflayer	0.9	0.0	neutral.coffee
neutral_monsterredsynja	Cards.Neutral.RedSynja	1.3	0.0	neutral.coffee
neutral_monstershreddingmantis	Cards.Neutral.PiercingMantis	0.5	0.0	neutral.coffee
neutral_monsterwhistlingblade	Cards.Neutral.WhistlingBlade	0.5	0.0	neutral.coffee
neutral_moonlitsorcerer	Cards.Neutral.MoonlightSorcerer	0.3	0.0	neutral.coffee
neutral_mrgoldmclover	Cards.Neutral.PennyPacker	0.5	0.0	neutral.coffee
neutral_mystery	Cards.Boss.Boss8	0.6	0.0	bosses.coffee
neutral_nightwatcher	Cards.Neutral.NightWatcher	0.6	0.0	m12_october_monthlies.coffee
neutral_nip	Cards.Neutral.Nip	1.1	0.0	neutral.coffee
neutral_oni	Cards.Neutral.Oni	0.8	0.0	neutral.coffee
neutral_owlshadescholar	Cards.Neutral.FidgetSpinner	1.2	0.0	neutral.coffee
neutral_paddo	Cards.Neutral.Paddo	1.6	0.0	neutral.coffee
neutral_pandora	Cards.Neutral.Pandora	1.0	0.0	neutral.coffee
neutral_pandoraminioncelerity	Cards.Neutral.PandoraMinion4	0.9	0.0	neutral.coffee
neutral_pandoraminionfly	Cards.Neutral.PandoraMinion1	0.9	0.0	neutral.coffee
neutral_pandoraminionfrenzy	Cards.Neutral.PandoraMinion3	0.9	0.0	neutral.coffee
neutral_pandoraminionprovoke	Cards.Neutral.PandoraMinion5	0.9	0.0	neutral.coffee
neutral_pandoraminionrush	Cards.Neutral.PandoraMinion2	0.9	0.0	neutral.coffee
neutral_partyelf	Cards.Neutral.Spriggin	1.3	0.0	neutral.coffee
neutral_pennyarcade01	Cards.Neutral.WoodWen	1.2	0.0	m11_penny_arcade.coffee
neutral_pennyarcade02	Cards.Neutral.Elkowl	1.2	0.0	m11_penny_arcade.coffee
neutral_pennyarcade03	Cards.Neutral.GroveLion	1.2	0.0	m11_penny_arcade.coffee
neutral_pennyarcade04	Cards.Neutral.Sphynx	1.2	0.0	m11_penny_arcade.coffee
neutral_primusshieldmaster	Cards.Neutral.PrimusShieldmaster	0.4	0.0	neutral.coffee
neutral_primusshieldmaster	Cards.Tutorial.TutorialKolossus	0.4	0.0	tutorial.coffee
neutral_prismaticillusionist	Cards.Neutral.PrismaticIllusionist	0.4	0.0	neutral.coffee
neutral_prismaticillusionistminion	Cards.Neutral.ArcaneIllusion	0.4	0.0	neutral.coffee
neutral_prongbok	Cards.Neutral.BlueblackProngbok	0.5	0.0	neutral.coffee
neutral_prophetwhitepalm	Cards.Neutral.ProphetWhitePalm	1.0	0.0	m3_opening_gambit_buff.coffee
neutral_purgatos	Cards.Neutral.Purgatos	1.2	0.0	neutral.coffee
neutral_quahog	Cards.Neutral.Quahog	1.3	0.0	neutral.coffee
neutral_quartermastergauj	Cards.Neutral.QuartermasterGauj	0.3	0.0	m12_october_monthlies.coffee
neutral_rawr	Cards.Neutral.Rawr	1.2	0.0	neutral.coffee
neutral_razorcraggolem	Cards.Neutral.RazorcragGolem	1.2	0.0	neutral.coffee
neutral_rejuvenator	Cards.Neutral.EmeraldRejuvenator	0.6	0.0	neutral.coffee
neutral_replicator	Cards.Neutral.Replicant	1.2	0.0	neutral.coffee
neutral_rok	Cards.Neutral.Rok	1.2	0.0	neutral.coffee
neutral_rook	Cards.Neutral.Rook	1.1	0.0	neutral.coffee
neutral_rook	Cards.Tutorial.TutorialRookie	1.1	0.0	tutorial.coffee
neutral_rook	Cards.Tutorial.TutorialOpponentGeneral2	1.1	0.0	tutorial.coffee
neutral_rubyrifter	Cards.Neutral.RubyRifter	1.2	0.0	m10_general_damage.coffee
neutral_saberspinemk2	Cards.Boss.FrostfireTiger	0.4	0.0	bosses.coffee
neutral_sai	Cards.Neutral.Sai	1.1	0.0	neutral.coffee
neutral_sapphireseer	Cards.Neutral.SapphireSeer	1.3	0.0	m6_forcefield.coffee
neutral_scarzig	Cards.Neutral.Scarzig	0.4	0.0	neutral.coffee
neutral_serpenti	Cards.Neutral.Serpenti	0.3	0.0	neutral.coffee
neutral_shadow1	Cards.Faction4.Wraithling	0.4	0.0	faction4.coffee
neutral_shadowcaster	Cards.Neutral.Prisoner5	0.6	0.0	neutral.coffee
neutral_shirodogdragon	Cards.Neutral.Shiro	1.2	0.0	m9_streamers.coffee
neutral_shuffler	Cards.Neutral.Theobule	1.2	0.0	neutral.coffee
neutral_silhouettetracer	Cards.Neutral.SilhoutteTracer	0.6	0.0	neutral.coffee
neutral_silverbeak	Cards.Neutral.Silverbeak	1.2	0.0	neutral.coffee
neutral_silvermech	Cards.Neutral.Silver	1.2	0.0	neutral.coffee
neutral_singletonmythron	Cards.Neutral.Singleton	1.2	0.0	neutral.coffee
neutral_sinistersilhouette	Cards.Neutral.SinisterSilhouette	0.4	0.0	neutral.coffee
neutral_sister	Cards.Neutral.SwornSister	1.2	0.0	sisters.coffee
neutral_skywing	Cards.Neutral.Skywing	0.4	0.0	m7_warmasters.coffee
neutral_soboro	Cards.Neutral.Soboro	1.2	0.0	neutral.coffee
neutral_sol	Cards.Neutral.Sol	1.0	0.0	neutral.coffee
neutral_spelljammer	Cards.Neutral.Spelljammer	0.9	0.0	neutral.coffee
neutral_spellspark	Cards.Neutral.Spellspark	0.6	0.0	m2_reactive.coffee
neutral_spiritscribe	Cards.Neutral.Grailmaster	0.9	0.0	m2_reactive.coffee
neutral_sunelemental	Cards.Neutral.SunElemental	1.0	0.0	m3_opening_gambit_buff.coffee
neutral_sunsetparagon	Cards.Neutral.SunsetParagon	1.3	0.0	m6_forcefield.coffee
neutral_sunsteeldefender	Cards.Neutral.SunsteelDefender	1.7	0.0	m6_forcefield.coffee
neutral_superdoxx	Cards.Neutral.SuperDoxx	1.2	0.0	neutral.coffee
neutral_superscarzig	Cards.Neutral.BigScarzig	0.5	0.0	neutral.coffee
neutral_swordofakrane	Cards.Neutral.FirstSwordofAkrane	0.9	0.0	neutral.coffee
neutral_syvrel	Cards.Neutral.SyvrelTheExile	1.6	0.0	neutral.coffee
neutral_taura	Cards.Neutral.BloodTaura	1.2	0.0	m10_general_damage.coffee
neutral_tethermancer	Cards.Neutral.Tethermancer	1.2	0.0	m5_provoke.coffee
neutral_thecollective	Cards.Neutral.ProjectOmega	0.9	0.0	neutral.coffee
neutral_thegreatprotector	Cards.Neutral.ImperviousGiago	1.2	0.0	neutral.coffee
neutral_thescientist	Cards.Neutral.TheScientist	1.2	0.0	m9_streamers.coffee
neutral_thunderhorn	Cards.Neutral.Thunderhorn	1.6	0.0	neutral.coffee
neutral_timekeeper	Cards.Neutral.Timekeeper	1.2	0.0	neutral.coffee
neutral_tombstone	Cards.Neutral.DilotasTombstone	0.9	0.0	neutral.coffee
neutral_tribalcaster	Cards.Neutral.Necroseer	0.3	0.0	neutral.coffee
neutral_tribalmelee2	Cards.Neutral.Prisoner2	0.4	0.0	neutral.coffee
neutral_tribalmelee3	Cards.Neutral.Prisoner1	0.6	0.0	neutral.coffee
neutral_tribalranged1	Cards.Neutral.ValeHunter	0.2	0.2	neutral.coffee
neutral_trinitywing	Cards.Neutral.TrinityWing	0.4	0.0	neutral.coffee
neutral_ubo	Cards.Neutral.Ubo	1.0	0.0	neutral.coffee
neutral_unseven	Cards.Neutral.Unseven	1.6	0.0	m7_warmasters.coffee
neutral_veteranflamewing	Cards.Neutral.Emberwyrm	1.2	0.0	neutral.coffee
neutral_vex	Cards.Tutorial.TutorialVox	0.8	0.0	tutorial.coffee
neutral_voidhunter	Cards.Neutral.VoidHunter	1.2	0.0	neutral.coffee
neutral_wartalon	Cards.Neutral.WarTalon	1.2	0.0	m5_provoke.coffee
neutral_whitewidow	Cards.Neutral.WhiteWidow	1.2	0.0	m4_replace.coffee
neutral_wildtahr	Cards.Neutral.WildTahr	0.8	0.0	neutral.coffee
neutral_windrunner	Cards.Neutral.WindRunner	0.7	0.0	m1_movement.coffee
neutral_windstopper	Cards.Neutral.ArtifactHunter	0.8	0.0	neutral.coffee
neutral_wingsofparadise	Cards.Neutral.WingsOfParadise	1.2	0.0	m4_replace.coffee
neutral_xyle01	Cards.Neutral.Fatesealer	0.6	0.0	gauntlet_specials.coffee
neutral_xyle02	Cards.Neutral.Futureshaker	0.6	0.0	gauntlet_specials.coffee
neutral_xyle03	Cards.Neutral.Fortuneshaper	0.6	0.0	gauntlet_specials.coffee
neutral_yun	Cards.Neutral.Yun	1.1	0.0	neutral.coffee
neutral_z0r	Cards.Neutral.Z0r	1.2	0.0	neutral.coffee
neutral_zenrui	Cards.Neutral.ZenRui	1.1	0.0	neutral.coffee
neutral_zukong	Cards.Neutral.Zukong	1.2	0.0	neutral.coffee
neutral_zurael	Cards.Neutral.ZuraelTheLifegiver	0.4	0.0	neutral.coffee
neutral_zyx	Cards.Neutral.Zyx	0.6	0.0	m13_november_monthlies.coffee
neutral_zyxfestive	Cards.Boss.Boss32_2	0.6	0.0	bosses.coffee
neutral_zyxfestive	Cards.Boss.FrostfireImp	0.6	0.0	bosses.coffee
tile_mana	Cards.Tile.BonusMana	0.0	0.0	tiles.coffee
tile_treasurefestive	Cards.Tile.FrostfireChest	0.0	0.0	tiles.coffee
