unit	spritesheet	animations	sounds
boss_andromeda	units/boss_andromeda/spritesheet.png	attack,breathing,death,hit,idle,run	apply,attack,attackDamage,death,receiveDamage,walk
boss_antiswarm	units/boss_antiswarm/spritesheet.png	attack,breathing,death,hit,idle,run	apply,attack,attackDamage,death,receiveDamage,walk
boss_borealjuggernaut	units/boss_borealjuggernaut/spritesheet.png	attack,breathing,death,hit,idle,run	apply,attack,attackDamage,death,receiveDamage,walk
boss_candypanda	units/boss_candypanda/spritesheet.png	attack,breathing,death,hit,idle,run	apply,attack,attackDamage,death,receiveDamage,walk
boss_chaosknight	units/boss_chaosknight/spritesheet.png	attack,breathing,death,hit,idle,run	apply,attack,attackDamage,death,receiveDamage,walk
boss_christmas	units/boss_christmas/spritesheet.png	attack,breathing,death,hit,idle,run	apply,attack,attackDamage,death,receiveDamage,walk
boss_cindera	units/boss_cindera/spritesheet.png	attack,breathing,death,hit,idle,run	apply,attack,attackDamage,death,receiveDamage,walk
boss_city	units/boss_city/spritesheet.png	attack,breathing,death,hit,idle	apply,attack,attackDamage,death,receiveDamage,walk
boss_crystal	units/boss_crystal/spritesheet.png	attack,breathing,death,hit,idle,run	apply,attack,attackDamage,death,receiveDamage,walk
boss_decepticle	units/boss_decepticle/spritesheet.png	attack,breathing,death,hit,idle,run	apply,attack,attackDamage,death,receiveDamage,walk
boss_decepticlechassis	units/boss_decepticlechassis/spritesheet.png	attack,breathing,death,hit,idle,run	apply,attack,attackDamage,death,receiveDamage,walk
boss_decepticlehelm	units/boss_decepticlehelm/spritesheet.png	attack,breathing,death,hit,idle,run	apply,attack,attackDamage,death,receiveDamage,walk
boss_decepticleprime	units/boss_decepticleprime/spritesheet.png	attack,breathing,death,hit,idle,run	apply,attack,attackDamage,death,receiveDamage,walk
boss_decepticlesword	units/boss_decepticlesword/spritesheet.png	attack,breathing,death,hit,idle,run	apply,attack,attackDamage,death,receiveDamage,walk
boss_decepticlewings	units/boss_decepticlewings/spritesheet.png	attack,breathing,death,hit,idle,projectile,run	apply,attack,attackDamage,death,receiveDamage,walk
boss_dissonance	units/boss_dissonance/spritesheet.png	attack,breathing,death,hit,idle,run	apply,attack,attackDamage,death,receiveDamage,walk
boss_emp	units/boss_emp/spritesheet.png	attack,breathing,death,hit,idle,run	apply,attack,attackDamage,death,receiveDamage,walk
boss_gol	units/boss_gol/spritesheet.png	attack,breathing,death,hit,idle,run	apply,attack,attackDamage,death,receiveDamage,walk
boss_grym	units/boss_grym/spritesheet.png	attack,breathing,death,hit,idle,run	apply,attack,attackDamage,death,receiveDamage,walk
boss_harmony	units/boss_harmony/spritesheet.png	attack,breathing,death,hit,idle,run	apply,attack,attackDamage,death,receiveDamage,walk
boss_invader	units/boss_invader/spritesheet.png	attack,breathing,death,hit,idle,run	apply,attack,attackDamage,death,receiveDamage,walk
boss_kane	units/boss_kane/spritesheet.png	attack,breathing,death,hit,idle,run	apply,attack,attackDamage,death,receiveDamage,walk
boss_kron	units/boss_kron/spritesheet.png	attack,breathing,death,hit,idle,run	apply,attack,attackDamage,death,receiveDamage,walk
boss_legion	units/boss_legion/spritesheet.png	attack,breathing,death,hit,idle,run	apply,attack,attackDamage,death,receiveDamage,walk
boss_malyk	units/boss_malyk/spritesheet.png	attack,breathing,death,hit,idle,run	apply,attack,attackDamage,death,receiveDamage,walk
boss_manaman	units/boss_manaman/spritesheet.png	attack,breathing,death,hit,idle,run	apply,attack,attackDamage,death,receiveDamage,walk
boss_orias	units/boss_orias/spritesheet.png	attack,breathing,death,hit,idle,run	apply,attack,attackDamage,death,receiveDamage,walk
boss_oriasidol	units/boss_oriasidol/spritesheet.png	attack,breathing,death,hit,idle,run	apply,attack,attackDamage,death,receiveDamage,walk
boss_paragon	units/boss_paragon/spritesheet.png	attack,breathing,death,hit,idle,run	apply,attack,attackDamage,death,receiveDamage,walk
boss_protector	units/boss_protector/spritesheet.png	attack,breathing,death,hit,idle,run	apply,attack,attackDamage,death,receiveDamage,walk
boss_sandpanther	units/boss_sandpanther/spritesheet.png	attack,breathing,death,hit,idle,run	apply,attack,attackDamage,death,receiveDamage,walk
boss_serpenti	units/boss_serpenti/spritesheet.png	attack,breathing,death,hit,idle,run	apply,attack,attackDamage,death,receiveDamage,walk
boss_shadowlord	units/boss_shadowlord/spritesheet.png	attack,breathing,death,hit,idle,run	apply,attack,attackDamage,death,receiveDamage,walk
boss_shinkagezendo	units/boss_shinkagezendo/spritesheet.png	attack,breathing,death,hit,idle,run	apply,attack,attackDamage,death,receiveDamage,walk
boss_skurge	units/boss_skurge/spritesheet.png	attack,breathing,death,hit,idle,projectile,run	apply,attack,attackDamage,death,receiveDamage,walk
boss_skyfalltyrant	units/boss_skyfalltyrant/spritesheet.png	attack,breathing,death,hit,idle,run	apply,attack,attackDamage,death,receiveDamage,walk
boss_solfist	units/boss_solfist/spritesheet.png	attack,breathing,death,hit,idle,run	apply,attack,attackDamage,death,receiveDamage,walk
boss_soulstealer	units/boss_soulstealer/spritesheet.png	attack,breath,crawl,death,hit,idle	apply,attack,attackDamage,death,receiveDamage,walk
boss_spelleater	units/boss_spelleater/spritesheet.png	attack,breathing,death,hit,idle,run	apply,attack,attackDamage,death,receiveDamage,walk
boss_taskmaster	units/boss_taskmaster/spritesheet.png	attack,breathing,death,hit,idle,run	apply,attack,attackDamage,death,receiveDamage,walk
boss_treatdemon	units/boss_treatdemon/spritesheet.png	attack,breathing,death,hit,idle,run	apply,attack,attackDamage,death,receiveDamage,walk
boss_treatdrake	units/boss_treatdrake/spritesheet.png	attack,breathing,death,hit,idle,run	apply,attack,attackDamage,death,receiveDamage,walk
boss_treatoni	units/boss_treatoni/spritesheet.png	attack,breathing,death,hit,idle,run	apply,attack,attackDamage,death,receiveDamage,walk
boss_umbra	units/boss_umbra/spritesheet.png	attack,breathing,death,hit,idle,run	apply,attack,attackDamage,death,receiveDamage,walk
boss_unhallowed	units/boss_unhallowed/spritesheet.png	attack,breathing,death,hit,idle,run	apply,attack,attackDamage,death,receiveDamage,walk
boss_valiant	units/boss_valiant/spritesheet.png	attack,breathing,death,hit,idle,run	apply,attack,attackDamage,death,receiveDamage,walk
boss_vampire	units/boss_vampire/spritesheet.png	attack,breathing,death,hit,idle,projectile,run	apply,attack,attackDamage,death,receiveDamage,walk
boss_wolfpunch	units/boss_wolfpunch/spritesheet.png	attack,breathing,death,hit,idle,run	apply,attack,attackDamage,death,receiveDamage,walk
boss_wraith	units/boss_wraith/spritesheet.png	attack,breathing,death,hit,idle,run	apply,attack,attackDamage,death,receiveDamage,walk
boss_wujin	units/boss_wujin/spritesheet.png	attack,breathing,death,hit,idle,run	apply,attack,attackDamage,death,receiveDamage,walk
critter_1	units/critter_1/spritesheet.png	attack,breathing,death,hit,idle,run	apply,attack,attackDamage,death,receiveDamage,walk
critter_2	units/critter_2/spritesheet.png	attack,breathing,death,hit,idle,run	apply,attack,attackDamage,death,receiveDamage,walk
f1_3rdgeneral	units/f1_3rdgeneral/spritesheet.png	attack,breathing,castend,castendsample,castloop,caststart,death,hit,idle,run	apply,attack,attackDamage,death,receiveDamage,walk
f1_altgeneral	units/f1_altgeneral/spritesheet.png	attack,breathing,cast,castend,castloop,caststart,death,hit,idle,run	apply,attack,attackDamage,death,receiveDamage,walk
f1_altgeneraltier2	units/f1_altgeneraltier2/spritesheet.png	attack,breathing,cast,castend,castloop,caststart,death,hit,idle,run	
f1_archdeacon	units/f1_archdeacon/spritesheet.png	attack,breathing,death,hit,idle,run	apply,attack,attackDamage,death,receiveDamage,walk
f1_auroralioness	units/f1_auroralioness/spritesheet.png	attack,breathing,death,hit,idle,run	apply,attack,attackDamage,death,receiveDamage,walk
f1_azuritelion	units/f1_azuritelion/spritesheet.png	attack,breathing,death,hit,idle,run	apply,attack,attackDamage,death,receiveDamage,walk
f1_baastchampion	units/f1_baastchampion/spritesheet.png	attack,breathing,death,hit,idle,run	apply,attack,attackDamage,death,receiveDamage,walk
f1_backlinearcher	units/f1_backlinearcher/spritesheet.png	attack,breathing,death,hit,idle,projectile,run	apply,attack,attackDamage,death,receiveDamage,walk
f1_bromemk2	units/f1_bromemk2/spritesheet.png	attack,breathing,cast,castend,castloop,caststart,death,hit,idle,run	
f1_buildcommon	units/f1_buildcommon/spritesheet.png	attack,breathing,death,hit,idle,run	apply,attack,attackDamage,death,receiveDamage,walk
f1_buildminion	units/f1_buildminion/spritesheet.png	attack,breathing,death,hit,idle	apply,attack,attackDamage,death,receiveDamage,walk
f1_caliber-o	units/f1_caliber-o/spritesheet.png	attack,breathing,death,hit,idle,run	apply,attack,attackDamage,death,receiveDamage,walk
f1_caster	units/f1_caster/spritesheet.png	attack,breathing,death,hit,idle,run	apply,attack,attackDamage,death,receiveDamage,walk
f1_elyxstormblade	units/f1_elyxstormblade/spritesheet.png	attack,breathing,death,hit,idle,run	apply,attack,attackDamage,death,receiveDamage,walk
f1_elyxstormblademk2	units/f1_elyxstormblademk2/spritesheet.png	attack,breathing,death,hit,idle,run	
f1_excelsious	units/f1_excelsious/spritesheet.png	attack,breathing,death,hit,idle,run	apply,attack,attackDamage,death,receiveDamage,walk
f1_fiz	units/f1_fiz/spritesheet.png	attack,breathing,death,hit,idle,run	apply,attack,attackDamage,death,receiveDamage,walk
f1_friendsguard	units/f1_friendsguard/spritesheet.png	attack,breathing,death,hit,idle,run	apply,attack,attackDamage,death,receiveDamage,walk
f1_general	units/f1_general/spritesheet.png	attack,breathing,cast,castend,castloop,caststart,death,hit,idle,run	apply,attack,attackDamage,death,receiveDamage,walk
f1_general_skinroguelegacy	units/f1_general_skinroguelegacy/spritesheet.png	attack,breathing,cast,castend,castloop,caststart,death,hit,idle,run	
f1_grandmasterzir	units/f1_grandmasterzir/spritesheet.png	attack,breathing,death,hit,idle,run	apply,attack,attackDamage,death,receiveDamage,walk
f1_groundbreaker	units/f1_groundbreaker/spritesheet.png	attack,breathing,death,hit,idle,run	apply,attack,attackDamage,death,receiveDamage,walk
f1_gryphinox	units/f1_gryphinox/spritesheet.png	attack,breathing,death,hit,idle,run	apply,attack,attackDamage,death,receiveDamage,walk
f1_invincibuddy	units/f1_invincibuddy/spritesheet.png	attack,breathing,death,hit,idle,run	apply,attack,attackDamage,death,receiveDamage,walk
f1_ironcliffeguardian	units/f1_ironcliffeguardian/spritesheet.png	attack,breathing,death,hit,idle,run	apply,attack,attackDamage,death,receiveDamage,walk
f1_ironcliffemonument	units/f1_ironcliffemonument/spritesheet.png	attack,breathing,death,hit,idle	apply,attack,attackDamage,death,receiveDamage,walk
f1_kaisergladiator	units/f1_kaisergladiator/spritesheet.png	attack,breathing,death,hit,idle,run	apply,attack,attackDamage,death,receiveDamage,walk
f1_kingsguard	units/f1_kingsguard/spritesheet.png	attack,breathing,death,hit,idle,run	apply,attack,attackDamage,death,receiveDamage,walk
f1_leovoyant	units/f1_leovoyant/spritesheet.png	attack,breathing,death,hit,idle,run	apply,attack,attackDamage,death,receiveDamage,walk
f1_mech	units/f1_mech/spritesheet.png	attack,breathing,death,hit,idle,run	apply,attack,attackDamage,death,receiveDamage,walk
f1_melee	units/f1_melee/spritesheet.png	attack,breathing,death,hit,idle,run	apply,attack,attackDamage,death,receiveDamage,walk
f1_peacekeeper	units/f1_peacekeeper/spritesheet.png	attack,breathing,death,hit,idle,run	apply,attack,attackDamage,death,receiveDamage,walk
f1_peacekeeper2	units/f1_peacekeeper2/spritesheet.png	attack,breathing,death,hit,idle,run	apply,attack,attackDamage,death,receiveDamage,walk
f1_radiantdragoon	units/f1_radiantdragoon/spritesheet.png	attack,breathing,death,hit,idle,run	apply,attack,attackDamage,death,receiveDamage,walk
f1_ranged	units/f1_ranged/spritesheet.png	attack,breathing,death,hit,idle,projectile,run	apply,attack,attackDamage,death,receiveDamage,walk
f1_rightfulheir	units/f1_rightfulheir/spritesheet.png	attack,breathing,death,hit,idle,run	apply,attack,attackDamage,death,receiveDamage,walk
f1_scintilla	units/f1_scintilla/spritesheet.png	attack,breathing,death,hit,idle,run	apply,attack,attackDamage,death,receiveDamage,walk
f1_shieldforger	units/f1_shieldforger/spritesheet.png	attack,breathing,death,hit,idle,run	apply,attack,attackDamage,death,receiveDamage,walk
f1_silverguardsquire	units/f1_silverguardsquire/spritesheet.png	attack,breathing,death,hit,idle,run	apply,attack,attackDamage,death,receiveDamage,walk
f1_silvermanevanguard	units/f1_silvermanevanguard/spritesheet.png	attack,breathing,death,hit,idle,run	apply,attack,attackDamage,death,receiveDamage,walk
f1_sinergyunit	units/f1_sinergyunit/spritesheet.png	attack,breathing,death,hit,idle,run	apply,attack,attackDamage,death,receiveDamage,walk
f1_sister	units/f1_sister/spritesheet.png	attack,breathing,death,hit,idle,run	apply,attack,attackDamage,death,receiveDamage,walk
f1_slo	units/f1_slo/spritesheet.png	attack,breathing,death,hit,idle,run	apply,attack,attackDamage,death,receiveDamage,walk
f1_solarius	units/f1_solarius/spritesheet.png	attack,breathing,death,hit,idle,run	apply,attack,attackDamage,death,receiveDamage,walk
f1_solpontiff	units/f1_solpontiff/spritesheet.png	attack,breathing,death,hit,idle,run	apply,attack,attackDamage,death,receiveDamage,walk
f1_special	units/f1_special/spritesheet.png	attack,breathing,death,hit,idle,run	apply,attack,attackDamage,death,receiveDamage,walk
f1_spellbladeadept	units/f1_spellbladeadept/spritesheet.png	attack,breathing,death,hit,idle,run	apply,attack,attackDamage,death,receiveDamage,walk
f1_sunbreaker	units/f1_sunbreaker/spritesheet.png	attack,breathing,death,hit,idle,run	apply,attack,attackDamage,death,receiveDamage,walk
f1_sunbreakguardian	units/f1_sunbreakguardian/spritesheet.png	attack,breathing,death,hit,idle,run	apply,attack,attackDamage,death,receiveDamage,walk
f1_sunforgelancer	units/f1_sunforgelancer/spritesheet.png	attack,breathing,death,hit,idle,run	apply,attack,attackDamage,death,receiveDamage,walk
f1_sunriser	units/f1_sunriser/spritesheet.png	attack,breathing,death,hit,idle,run	apply,attack,attackDamage,death,receiveDamage,walk
f1_sunstonemaiden	units/f1_sunstonemaiden/spritesheet.png	attack,breathing,death,hit,idle,run	apply,attack,attackDamage,death,receiveDamage,walk
f1_sunstonetemplar	units/f1_sunstonetemplar/spritesheet.png	attack,breathing,death,hit,idle,run	apply,attack,attackDamage,death,receiveDamage,walk
f1_sunwisp	units/f1_sunwisp/spritesheet.png	attack,breathing,death,hit,idle,run	apply,attack,attackDamage,death,receiveDamage,walk
f1_support	units/f1_support/spritesheet.png	attack,breathing,death,hit,idle,run	apply,attack,attackDamage,death,receiveDamage,walk
f1_tank	units/f1_tank/spritesheet.png	attack,breathing,death,hit,idle,run	apply,attack,attackDamage,death,receiveDamage,walk
f1_tier2general	units/f1_tier2general/spritesheet.png	attack,breathing,cast,castend,castloop,caststart,death,hit,idle,run	
f1_warblade	units/f1_warblade/spritesheet.png	attack,breathing,death,hit,idle,run	apply,attack,attackDamage,death,receiveDamage,walk
f1_windbladecommander	units/f1_windbladecommander/spritesheet.png	attack,breathing,death,hurt,idle,run	apply,attack,attackDamage,death,receiveDamage,walk
f1_xylestormblade	units/f1_xylestormblade/spritesheet.png	attack,breathing,death,hurt,idle,run	
f2_3rdgeneral	units/f2_3rdgeneral/spritesheet.png	attack,breathing,cast,castend,castloop,caststart,death,hit,idle,run	apply,attack,attackDamage,death,receiveDamage,walk
f2_ace	units/f2_ace/spritesheet.png	attack,breathing,death,hit,idle,projectile,run	apply,attack,attackDamage,death,receiveDamage,walk
f2_altgeneral	units/f2_altgeneral/spritesheet.png	attack,breathing,cast,castend,castloop,caststart,death,hit,idle,run	apply,attack,attackDamage,death,receiveDamage,walk
f2_altgeneraltier2	units/f2_altgeneraltier2/spritesheet.png	attack,breathing,cast,castend,castloop,caststart,death,hit,idle,run	
f2_buildcommon	units/f2_buildcommon/spritesheet.png	attack,breathing,death,hit,idle,run	apply,attack,attackDamage,death,receiveDamage,walk
f2_buildlegendary	units/f2_buildlegendary/spritesheet.png	attack,breathing,death,hit,idle,run	apply,attack,attackDamage,death,receiveDamage,walk
f2_buildminion	units/f2_buildminion/spritesheet.png	attack,breathing,death,hit,idle	apply,attack,attackDamage,death,receiveDamage,walk
f2_caligrapher	units/f2_caligrapher/spritesheet.png	attack,breathing,death,hit,idle,run	apply,attack,attackDamage,death,receiveDamage,walk
f2_caster	units/f2_caster/spritesheet.png	attack,breathing,death,hit,idle,projectile,run	apply,attack,attackDamage,death,receiveDamage,walk
f2_chakriavatar	units/f2_chakriavatar/spritesheet.png	attack,breathing,die,hit,idle,run	apply,attack,attackDamage,death,receiveDamage,walk
f2_deathphantom	units/f2_deathphantom/spritesheet.png	attack,breath,crawl,death,hit,idle	apply,attack,attackDamage,death,receiveDamage,walk
f2_demononi	units/f2_demononi/spritesheet.png	attack,breathing,death,hit,idle,run	apply,attack,attackDamage,death,receiveDamage,walk
f2_eclipseasura	units/f2_eclipseasura/spritesheet.png	attack,breathing,death,hit,idle,run	apply,attack,attackDamage,death,receiveDamage,walk
f2_eternitypainter	units/f2_eternitypainter/spritesheet.png	attack,breathing,death,hit,idle,run	apply,attack,attackDamage,death,receiveDamage,walk
f2_firewyrm	units/f2_firewyrm/spritesheet.png	attack,breathing,death,hit,idle,run	apply,attack,attackDamage,death,receiveDamage,walk
f2_flareslinger	units/f2_flareslinger/spritesheet.png	attack,breathing,death,hit,idle,projectile,run	apply,attack,attackDamage,death,receiveDamage,walk
f2_general	units/f2_general/spritesheet.png	attack,breathing,cast,castend,castloop,caststart,death,hit,idle,run	apply,attack,attackDamage,death,receiveDamage,walk
f2_general_skindogehai	units/f2_general_skindogehai/spritesheet.png	attack,breathing,cast,castend,castloop,caststart,death,hit,idle,run	
f2_geomancer	units/f2_geomancer/spritesheet.png	attack,breathing,death,hit,idle,run	apply,attack,attackDamage,death,receiveDamage,walk
f2_godpalmblacktiger	units/f2_godpalmblacktiger/spritesheet.png	attack,breathing,death,hit,idle,run	apply,attack,attackDamage,death,receiveDamage,walk
f2_grandmasterzendo	units/f2_grandmasterzendo/spritesheet.png	attack,breathing,death,hit,idle,run	apply,attack,attackDamage,death,receiveDamage,walk
f2_hammonnladeseeker	units/f2_hammonnladeseeker/spritesheet.png	attack,breathing,death,hit,idle,run	apply,attack,attackDamage,death,receiveDamage,walk
f2_heartofthesonghai	units/f2_heartofthesonghai/spritesheet.png	attack,breathing,death,hit,idle,run	apply,attack,attackDamage,death,receiveDamage,walk
f2_katara	units/f2_katara/spritesheet.png	attack,breathing,death,hit,idle,run	apply,attack,attackDamage,death,receiveDamage,walk
f2_keshraifanblade	units/f2_keshraifanblade/spritesheet.png	attack,breathing,death,hit,idle,run	apply,attack,attackDamage,death,receiveDamage,walk
f2_kibeholder	units/f2_kibeholder/spritesheet.png	attack,breathing,death,hit,idle,projectile,run	apply,attack,attackDamage,death,receiveDamage,walk
f2_kindling	units/f2_kindling/spritesheet.png	attack,breathing,death,hit,idle,run	apply,attack,attackDamage,death,receiveDamage,walk
f2_lanternfox	units/f2_lanternfox/spritesheet.png	attack,breathing,death,hit,idle,run	apply,attack,attackDamage,death,receiveDamage,walk
f2_mage4winds	units/f2_mage4winds/spritesheet.png	attack,breathing,death,hit,idle,run	apply,attack,attackDamage,death,receiveDamage,walk
f2_masteroftaikwai	units/f2_masteroftaikwai/spritesheet.png	attack,breathing,death,hit,idle,run	apply,attack,attackDamage,death,receiveDamage,walk
f2_mech	units/f2_mech/spritesheet.png	attack,breathing,death,hit,idle,run	apply,attack,attackDamage,death,receiveDamage,walk
f2_melee	units/f2_melee/spritesheet.png	attack,breathing,death,hit,idle,run	apply,attack,attackDamage,death,receiveDamage,walk
f2_ogremonk02	units/f2_ogremonk02/spritesheet.png	attack,breathing,death,hurt,idle,run	apply,attack,attackDamage,death,receiveDamage,walk
f2_onnabugeisha	units/f2_onnabugeisha/spritesheet.png	attack,breathing,death,hit,idle,run	apply,attack,attackDamage,death,receiveDamage,walk
f2_onyxjaguar	units/f2_onyxjaguar/spritesheet.png	attack,breathing,death,hit,idle,run	apply,attack,attackDamage,death,receiveDamage,walk
f2_orizuru	units/f2_orizuru/spritesheet.png	attack,breathing,death,hit,idle,run	apply,attack,attackDamage,death,receiveDamage,walk
f2_pandabear02	units/f2_pandabear02/spritesheet.png	attack,breathing,death,hit,idle,run	apply,attack,attackDamage,death,receiveDamage,walk
f2_panddo	units/f2_panddo/spritesheet.png	attack,breathing,death,hit,idle,run	apply,attack,attackDamage,death,receiveDamage,walk
f2_paperdropper	units/f2_paperdropper/spritesheet.png	attack,breathing,death,hit,idle,run	apply,attack,attackDamage,death,receiveDamage,walk
f2_ranged	units/f2_ranged/spritesheet.png	attack,breathing,death,hit,idle,projectile,run	apply,attack,attackDamage,death,receiveDamage,walk
f2_seenoevil	units/f2_seenoevil/spritesheet.png	attack,breathing,death,hit,idle,run	apply,attack,attackDamage,death,receiveDamage,walk
f2_sekitori	units/f2_sekitori/spritesheet.png	attack,breathing,death,hit,idle,run	apply,attack,attackDamage,death,receiveDamage,walk
f2_sepukku	units/f2_sepukku/spritesheet.png	attack,breathing,death,hit,idle,run	apply,attack,attackDamage,death,receiveDamage,walk
f2_shidaimk2	units/f2_shidaimk2/spritesheet.png	attack,breathing,cast,castend,castloop,caststart,death,hit,idle,run	
f2_sister	units/f2_sister/spritesheet.png	attack,breathing,death,hit,idle,run	apply,attack,attackDamage,death,receiveDamage,walk
f2_songhaisentinel	units/f2_songhaisentinel/spritesheet.png	attack,breathing,death,hit,idle,run	apply,attack,attackDamage,death,receiveDamage,walk
f2_sparrowhawk	units/f2_sparrowhawk/spritesheet.png	attack,breathing,death,hit,idle,run	apply,attack,attackDamage,death,receiveDamage,walk
f2_special	units/f2_special/spritesheet.png	attack,breathing,death,hit,idle,run	apply,attack,attackDamage,death,receiveDamage,walk
f2_spellthief	units/f2_spellthief/spritesheet.png	attack,breathing,death,hit,idle,run	apply,attack,attackDamage,death,receiveDamage,walk
f2_stormkage	units/f2_stormkage/spritesheet.png	attack,breathing,death,hit,idle,run	apply,attack,attackDamage,death,receiveDamage,walk
f2_supekuta	units/f2_supekuta/spritesheet.png	attack,breathing,death,hit,idle,run	apply,attack,attackDamage,death,receiveDamage,walk
f2_support	units/f2_support/spritesheet.png	attack,breathing,death,hit,idle,run	apply,attack,attackDamage,death,receiveDamage,walk
f2_synergyunit	units/f2_synergyunit/spritesheet.png	attack,breathing,death,hit,idle,run	apply,attack,attackDamage,death,receiveDamage,walk
f2_tank	units/f2_tank/spritesheet.png	attack,breathing,death,hit,idle,run	apply,attack,attackDamage,death,receiveDamage,walk
f2_tier2general	units/f2_tier2general/spritesheet.png	attack,breathing,cast,castend,castloop,caststart,death,hit,idle,run	
f2_twilightfox	units/f2_twilightfox/spritesheet.png	attack,breathing,death,idle,run	apply,attack,attackDamage,death,receiveDamage,walk
f2_xho	units/f2_xho/spritesheet.png	attack,breathing,death,hit,idle,run	apply,attack,attackDamage,death,receiveDamage,walk
f3_3rdgeneral	units/f3_3rdgeneral/spritesheet.png	attack,breathing,cast,castLoop,castStart,castend,death,hit,idle,run	apply,attack,attackDamage,death,receiveDamage,walk
f3_allomancer	units/f3_allomancer/spritesheet.png	attack,breathing,death,hit,idle,run	apply,attack,attackDamage,death,receiveDamage,walk
f3_altgeneral	units/f3_altgeneral/spritesheet.png	attack,breathing,cast,castend,castloop,caststart,death,hit,idle,run	apply,attack,attackDamage,death,receiveDamage,walk
f3_altgeneraltier2	units/f3_altgeneraltier2/spritesheet.png	attack,breathing,cast,castend,castloop,caststart,death,hit,idle,run	
f3_anubis	units/f3_anubis/spritesheet.png	attack,breathing,death,hit,idle,run	apply,attack,attackDamage,death,receiveDamage,walk
f3_aymarahealer	units/f3_aymarahealer/spritesheet.png	attack,breathing,death,hit,idle,run	apply,attack,attackDamage,death,receiveDamage,walk
f3_badlandsscout	units/f3_badlandsscout/spritesheet.png	attack,breathing,death,hit,idle,run	apply,attack,attackDamage,death,receiveDamage,walk
f3_bobble	units/f3_bobble/spritesheet.png	attack,breathing,death,hit,idle,run	apply,attack,attackDamage,death,receiveDamage,walk
f3_buildcommon	units/f3_buildcommon/spritesheet.png	attack,breathing,death,hit,idle,run	apply,attack,attackDamage,death,receiveDamage,walk
f3_buildminion	units/f3_buildminion/spritesheet.png	attack,breathing,death,hit,idle	apply,attack,attackDamage,death,receiveDamage,walk
f3_ciphyronmk2	units/f3_ciphyronmk2/spritesheet.png	attack,breathing,cast,castend,castloop,caststart,death,hit,idle,run	
f3_curseddervish	units/f3_curseddervish/spritesheet.png	attack,breathing,death,hit,idle,run	apply,attack,attackDamage,death,receiveDamage,walk
f3_deathobelysk	units/f3_deathobelysk/spritesheet.png	attack,breathing,death,hit,idle	apply,attack,attackDamage,death,receiveDamage,walk
f3_dervish	units/f3_dervish/spritesheet.png	attack,breathing,death,hit,idle,run	apply,attack,attackDamage,death,receiveDamage,walk
f3_desertspirit	units/f3_desertspirit/spritesheet.png	attack,breathing,death,hit,idle,run	apply,attack,attackDamage,death,receiveDamage,walk
f3_dreamshaper	units/f3_dreamshaper/spritesheet.png	attack,breathing,death,hit,idle,run	apply,attack,attackDamage,death,receiveDamage,walk
f3_dunecaster	units/f3_dunecaster/spritesheet.png	attack,breathing,death,hit,idle,run	apply,attack,attackDamage,death,receiveDamage,walk
f3_duskweaver	units/f3_duskweaver/spritesheet.png	attack,breathing,death,hit,idle,run	apply,attack,attackDamage,death,receiveDamage,walk
f3_endlessobelysk	units/f3_endlessobelysk/spritesheet.png	attack,breathing,death,hit,idle	apply,attack,attackDamage,death,receiveDamage,walk
f3_eurus	units/f3_eurus/spritesheet.png	attack,breathing,death,hit,idle,run	apply,attack,attackDamage,death,receiveDamage,walk
f3_falcius	units/f3_falcius/spritesheet.png	attack,breathing,death,hit,idle,run	apply,attack,attackDamage,death,receiveDamage,walk
f3_general	units/f3_general/spritesheet.png	attack,breathing,cast,castend,castloop,caststart,death,hit,idle,run	apply,attack,attackDamage,death,receiveDamage,walk
f3_glassmirage	units/f3_glassmirage/spritesheet.png	attack,breathing,death,hit,idle,run	apply,attack,attackDamage,death,receiveDamage,walk
f3_grandmasternoshrak	units/f3_grandmasternoshrak/spritesheet.png	attack,breathing,death,hit,idle,run	apply,attack,attackDamage,death,receiveDamage,walk
f3_incinera	units/f3_incinera/spritesheet.png	attack,breathing,death,hit,idle,run	apply,attack,attackDamage,death,receiveDamage,walk
f3_insightcaster	units/f3_insightcaster/spritesheet.png	attack,breathing,death,hit,idle,run	apply,attack,attackDamage,death,receiveDamage,walk
f3_irondervish	units/f3_irondervish/spritesheet.png	attack,breathing,death,hit,idle,run	apply,attack,attackDamage,death,receiveDamage,walk
f3_ishtarhunter	units/f3_ishtarhunter/spritesheet.png	attack,breathing,death,hit,idle,run	apply,attack,attackDamage,death,receiveDamage,walk
f3_keeperofages	units/f3_keeperofages/spritesheet.png	attack,breathing,death,hit,idle,run	apply,attack,attackDamage,death,receiveDamage,walk
f3_lavastormobelysk	units/f3_lavastormobelysk/spritesheet.png	attack,breathing,death,hit,idle	apply,attack,attackDamage,death,receiveDamage,walk
f3_mech	units/f3_mech/spritesheet.png	attack,breathing,death,hit,idle,run	apply,attack,attackDamage,death,receiveDamage,walk
f3_miniscarab	units/f3_miniscarab/spritesheet.png	attack,breathing,death,hit,idle,run	apply,attack,attackDamage,death,receiveDamage,walk
f3_nimbus	units/f3_nimbus/spritesheet.png	attack,breathing,death,hit,idle,run	apply,attack,attackDamage,death,receiveDamage,walk
f3_obelyskduskwind	units/f3_obelyskduskwind/spritesheet.png	attack,breathing,death,hit,idle	apply,attack,attackDamage,death,receiveDamage,walk
f3_obelyskgoldenflame	units/f3_obelyskgoldenflame/spritesheet.png	attack,breathing,death,hit,idle	apply,attack,attackDamage,death,receiveDamage,walk
f3_obelyskredsand	units/f3_obelyskredsand/spritesheet.png	attack,breathing,death,hit,idle	apply,attack,attackDamage,death,receiveDamage,walk
f3_onyxpantheran	units/f3_onyxpantheran/spritesheet.png	attack,breathing,death,hit,idle,run	apply,attack,attackDamage,death,receiveDamage,walk
f3_orbweaver	units/f3_orbweaver/spritesheet.png	attack,breathing,death,hit,idle,run	apply,attack,attackDamage,death,receiveDamage,walk
f3_palacetrinketeer	units/f3_palacetrinketeer/spritesheet.png	attack,breathing,death,hit,idle,run	apply,attack,attackDamage,death,receiveDamage,walk
f3_pax	units/f3_pax/spritesheet.png	attack,breathing,death,hit,idle,run	apply,attack,attackDamage,death,receiveDamage,walk
f3_plague_totem	units/f3_plague_totem/spritesheet.png	attack,breathing,death,hit,idle	apply,attack,attackDamage,death,receiveDamage,walk
f3_pyromancer	units/f3_pyromancer/spritesheet.png	attack,breathing,death,hit,idle,run	apply,attack,attackDamage,death,receiveDamage,walk
f3_rae	units/f3_rae/spritesheet.png	attack,breathing,death,hit,idle,run	apply,attack,attackDamage,death,receiveDamage,walk
f3_rehorah	units/f3_rehorah/spritesheet.png	attack,breathing,death,hit,idle,run	apply,attack,attackDamage,death,receiveDamage,walk
f3_sakkak	units/f3_sakkak/spritesheet.png	attack,breathing,death,hit,idle,run	apply,attack,attackDamage,death,receiveDamage,walk
f3_sandhowler	units/f3_sandhowler/spritesheet.png	attack,breathing,death,hit,idle,run	apply,attack,attackDamage,death,receiveDamage,walk
f3_scarabtera	units/f3_scarabtera/spritesheet.png	attack,breathing,death,hit,idle,run	apply,attack,attackDamage,death,receiveDamage,walk
f3_sinergyunit	units/f3_sinergyunit/spritesheet.png	attack,breathing,death,hit,idle,run	apply,attack,attackDamage,death,receiveDamage,walk
f3_sirocco	units/f3_sirocco/spritesheet.png	attack,breathing,death,hit,idle,run	apply,attack,attackDamage,death,receiveDamage,walk
f3_sister	units/f3_sister/spritesheet.png	attack,breathing,death,hit,idle,run	apply,attack,attackDamage,death,receiveDamage,walk
f3_starfirescarab	units/f3_starfirescarab/spritesheet.png	attack,breathing,death,hit,idle,run	apply,attack,attackDamage,death,receiveDamage,walk
f3_tier2general	units/f3_tier2general/spritesheet.png	attack,breathing,cast,castend,castloop,caststart,death,hit,idle,run	
f3_trifectaperfecta	units/f3_trifectaperfecta/spritesheet.png	attack,breathing,death,hit,idle	apply,attack,attackDamage,death,receiveDamage,walk
f3_windgiver	units/f3_windgiver/spritesheet.png	attack,breathing,death,hit,idle,run	apply,attack,attackDamage,death,receiveDamage,walk
f3_windshriek	units/f3_windshriek/spritesheet.png	attack,breathing,death,hit,idle,run	apply,attack,attackDamage,death,receiveDamage,walk
f3_windslicer	units/f3_windslicer/spritesheet.png	attack,breathing,death,hit,idle,run	apply,attack,attackDamage,death,receiveDamage,walk
f3_windstriker	units/f3_windstriker/spritesheet.png	attack,breathing,death,hit,idle,run	apply,attack,attackDamage,death,receiveDamage,walk
f3_zephyr	units/f3_zephyr/spritesheet.png	attack,breathing,death,hit,idle,run	apply,attack,attackDamage,death,receiveDamage,walk
f3_zirixfestive	units/f3_zirixfestive/spritesheet.png	attack,breathing,cast,castend,castloop,caststart,death,hit,idle,run	
f3_zodiac02	units/f3_zodiac02/spritesheet.png	attack,breathing,death,hit,idle,run	apply,attack,attackDamage,death,receiveDamage,walk
f4_3rdgeneral	units/f4_3rdgeneral/spritesheet.png	attack,breathing,cast,castend,castloop,caststart,death,hit,idle,run	apply,attack,attackDamage,death,receiveDamage,walk
f4_abomination	units/f4_abomination/spritesheet.png	attack,breathing,death2,hit,idle,run	apply,attack,attackDamage,death,receiveDamage,walk
f4_abyssiansentinel	units/f4_abyssiansentinel/spritesheet.png	attack,breathing,death,hit,idle,run	apply,attack,attackDamage,death,receiveDamage,walk
f4_altgeneral	units/f4_altgeneral/spritesheet.png	attack,breathing,cast,castend,castloop,caststart,death,hit,idle,run	apply,attack,attackDamage,death,receiveDamage,walk
f4_altgeneraltier2	units/f4_altgeneraltier2/spritesheet.png	attack,breathing,cast,castend,castloop,caststart,death,hit,idle,run	
f4_arachne	units/f4_arachne/spritesheet.png	attack,breathing,death,hit,idle,run	apply,attack,attackDamage,death,receiveDamage,walk
f4_arcanedevourer	units/f4_arcanedevourer/spritesheet.png	attack,breathing,death,hit,idle,run	apply,attack,attackDamage,death,receiveDamage,walk
f4_blacksolus	units/f4_blacksolus/spritesheet.png	attack,breathing,death,hit,idle,run	apply,attack,attackDamage,death,receiveDamage,walk
f4_bloodbaronette	units/f4_bloodbaronette/spritesheet.png	attack,breathing,death,hit,idle,run	apply,attack,attackDamage,death,receiveDamage,walk
f4_bloodmoon	units/f4_bloodmoon/spritesheet.png	attack,breathing,death,hit,idle,run	apply,attack,attackDamage,death,receiveDamage,walk
f4_buildcommon	units/f4_buildcommon/spritesheet.png	attack,breathing,death,hit,idle,run	apply,attack,attackDamage,death,receiveDamage,walk
f4_buildlegendary	units/f4_buildlegendary/spritesheet.png	attack,breathing,death,hit,idle	apply,attack,attackDamage,death,receiveDamage,walk
f4_buildminion	units/f4_buildminion/spritesheet.png	attack,breathing,death,hit,idle	apply,attack,attackDamage,death,receiveDamage,walk
f4_crawler	units/f4_crawler/spritesheet.png	attack,breathing,damage,death,idle,run	apply,attack,attackDamage,death,receiveDamage,walk
f4_creepmangler	units/f4_creepmangler/spritesheet.png	attack,breathing,death,hit,idle,run	apply,attack,attackDamage,death,receiveDamage,walk
f4_creepydemon	units/f4_creepydemon/spritesheet.png	attack,breathing,death,hit,idle,run	apply,attack,attackDamage,death,receiveDamage,walk
f4_daemondeep	units/f4_daemondeep/spritesheet.png	attack,breathing,death,hit,idle,run	apply,attack,attackDamage,death,receiveDamage,walk
f4_daemongate	units/f4_daemongate/spritesheet.png	attack,breathing,death,hit,idle,run	apply,attack,attackDamage,death,receiveDamage,walk
f4_daemonvoid	units/f4_daemonvoid/spritesheet.png	attack,breathing,death,hurt,idle,run	apply,attack,attackDamage,death,receiveDamage,walk
f4_darkspine	units/f4_darkspine/spritesheet.png	attack,breathing,death,hit,idle,run	apply,attack,attackDamage,death,receiveDamage,walk
f4_deathknell	units/f4_deathknell/spritesheet.png	attack,breathing,death,hit,idle,run	apply,attack,attackDamage,death,receiveDamage,walk
f4_demonofeternity	units/f4_demonofeternity/spritesheet.png	attack,breathing,death,hit,idle,run	apply,attack,attackDamage,death,receiveDamage,walk
f4_desolater	units/f4_desolater/spritesheet.png	attack,breathing,death,hit,idle,run	apply,attack,attackDamage,death,receiveDamage,walk
f4_engulfingshadow	units/f4_engulfingshadow/spritesheet.png	attack,breathing,death,hit,idle,run	apply,attack,attackDamage,death,receiveDamage,walk
f4_fallenaspect	units/f4_fallenaspect/spritesheet.png	attack,breathing,death,hit,idle,run	apply,attack,attackDamage,death,receiveDamage,walk
f4_furosa	units/f4_furosa/spritesheet.png	attack,breathing,death,hit,idle,run	apply,attack,attackDamage,death,receiveDamage,walk
f4_general	units/f4_general/spritesheet.png	attack,breathing,cast,castend,castloop,caststart,death,hit,idle,run	apply,attack,attackDamage,death,receiveDamage,walk
f4_gloomchaser	units/f4_gloomchaser/spritesheet.png	attack,breathing,damage,death,idle,projectile,run	apply,attack,attackDamage,death,receiveDamage,walk
f4_gor	units/f4_gor/spritesheet.png	attack,breathing,death,hit,idle,run	apply,attack,attackDamage,death,receiveDamage,walk
f4_grandmastervariax	units/f4_grandmastervariax/spritesheet.png	attack,breathing,death,hit,idle,run	apply,attack,attackDamage,death,receiveDamage,walk
f4_horror	units/f4_horror/spritesheet.png	attack,breathing,death,hit,idle,run	apply,attack,attackDamage,death,receiveDamage,walk
f4_horrorburster	units/f4_horrorburster/spritesheet.png	attack,breathing,death,hit,idle,run	apply,attack,attackDamage,death,receiveDamage,walk
f4_husk	units/f4_husk/spritesheet.png	attack,breathing,death,hit,idle,run	apply,attack,attackDamage,death,receiveDamage,walk
f4_juggernaut	units/f4_juggernaut/spritesheet.png	attack,breathing,death,hit,idle,run	apply,attack,attackDamage,death,receiveDamage,walk
f4_klaxon	units/f4_klaxon/spritesheet.png	attack,breathing,death,hit,idle,run	apply,attack,attackDamage,death,receiveDamage,walk
f4_limbodweller	units/f4_limbodweller/spritesheet.png	attack,breathing,death,hit,idle,run	apply,attack,attackDamage,death,receiveDamage,walk
f4_maehvmk2	units/f4_maehvmk2/spritesheet.png	attack,breathing,cast,castend,castloop,caststart,death,hit,idle,run	
f4_mech	units/f4_mech/spritesheet.png	attack,breathing,death,hit,idle,run	apply,attack,attackDamage,death,receiveDamage,walk
f4_megafiend	units/f4_megafiend/spritesheet.png	attack,breathing,death,hit,idle,run	apply,attack,attackDamage,death,receiveDamage,walk
f4_miniminion	units/f4_miniminion/spritesheet.png	attack,breathing,death,hit,idle,run	apply,attack,attackDamage,death,receiveDamage,walk
f4_mistressofcommands	units/f4_mistressofcommands/spritesheet.png	attack,breathing,death,hit,idle,run	apply,attack,attackDamage,death,receiveDamage,walk
f4_moonrider	units/f4_moonrider/spritesheet.png	attack,breathing,death,hit,idle,run	apply,attack,attackDamage,death,receiveDamage,walk
f4_nightfiend	units/f4_nightfiend/spritesheet.png	attack,breathing,death,hit,idle,run	apply,attack,attackDamage,death,receiveDamage,walk
f4_nightsorrow	units/f4_nightsorrow/spritesheet.png	attack,breathing,death,hit,idle,run	apply,attack,attackDamage,death,receiveDamage,walk
f4_nocturn	units/f4_nocturn/spritesheet.png	attack,breathing,death,hit,idle,run	apply,attack,attackDamage,death,receiveDamage,walk
f4_ooz	units/f4_ooz/spritesheet.png	attack,breathing,death,hit,idle,run	apply,attack,attackDamage,death,receiveDamage,walk
f4_phantasm	units/f4_phantasm/spritesheet.png	attack,breathing,death,hit,idle,run	apply,attack,attackDamage,death,receiveDamage,walk
f4_pitstrider	units/f4_pitstrider/spritesheet.png	attack,breathing,death,hit,idle,run	apply,attack,attackDamage,death,receiveDamage,walk
f4_plaguedr	units/f4_plaguedr/spritesheet.png	attack,breathing,death,hit,idle,run	apply,attack,attackDamage,death,receiveDamage,walk
f4_reaperninemoons	units/f4_reaperninemoons/spritesheet.png	attack,breathing,death,hit,idle,run	apply,attack,attackDamage,death,receiveDamage,walk
f4_remora	units/f4_remora/spritesheet.png	attack,breathing,death,hit,idle,run	apply,attack,attackDamage,death,receiveDamage,walk
f4_shadowdancer	units/f4_shadowdancer/spritesheet.png	attack,breathing,death,hit,idle,run	apply,attack,attackDamage,death,receiveDamage,walk
f4_sinergyunit	units/f4_sinergyunit/spritesheet.png	attack,breathing,death,hit,idle,run	apply,attack,attackDamage,death,receiveDamage,walk
f4_siren	units/f4_siren/spritesheet.png	attack,breathing,death,hit,idle,run	apply,attack,attackDamage,death,receiveDamage,walk
f4_sister	units/f4_sister/spritesheet.png	attack,breathing,death,hit,idle,run	apply,attack,attackDamage,death,receiveDamage,walk
f4_skullcaster	units/f4_skullcaster/spritesheet.png	attack,breathing,death,hit,idle,run	apply,attack,attackDamage,death,receiveDamage,walk
f4_tier2general	units/f4_tier2general/spritesheet.png	attack,breathing,cast,castend,castloop,caststart,death,hit,idle,run	
f4_underworldbrute	units/f4_underworldbrute/spritesheet.png	attack,breathing,death,hit,idle,run	apply,attack,attackDamage,death,receiveDamage,walk
f5_3rdgeneral	units/f5_3rdgeneral/spritesheet.png	attack,breathing,cast,castend,castloop,caststart,death,hit,idle,run	apply,attack,attackDamage,death,receiveDamage,walk
f5_altgeneral	units/f5_altgeneral/spritesheet.png	attack,breathing,castend,casting,castloop,caststart,death,hit,idle,run	apply,attack,attackDamage,death,receiveDamage,walk
f5_altgeneraltier2	units/f5_altgeneraltier2/spritesheet.png	attack,breathing,cast,castend,castloop,caststart,death,hit,idle,run	
f5_ankylos	units/f5_ankylos/spritesheet.png	attack,breathing,death,hit,idle,run	apply,attack,attackDamage,death,receiveDamage,walk
f5_armada	units/f5_armada/spritesheet.png	attack,breathing,death,hit,idle,run	apply,attack,attackDamage,death,receiveDamage,walk
f5_brundlbeast	units/f5_brundlbeast/spritesheet.png	attack,breathing,death,hit,idle,run	apply,attack,attackDamage,death,receiveDamage,walk
f5_buildcommon	units/f5_buildcommon/spritesheet.png	attack,breathing,death,hit,idle,run	apply,attack,attackDamage,death,receiveDamage,walk
f5_buildminion	units/f5_buildminion/spritesheet.png	attack,breathing,death,hit,idle	apply,attack,attackDamage,death,receiveDamage,walk
f5_catalystquillbeast	units/f5_catalystquillbeast/spritesheet.png	attack,breathing,death,hit,idle,run	apply,attack,attackDamage,death,receiveDamage,walk
f5_dreadnaught	units/f5_dreadnaught/spritesheet.png	attack,breathing,death,hit,idle,run	apply,attack,attackDamage,death,receiveDamage,walk
f5_drogon	units/f5_drogon/spritesheet.png	attack,breathing,death,hit,idle,run	apply,attack,attackDamage,death,receiveDamage,walk
f5_earthwalker	units/f5_earthwalker/spritesheet.png	attack,breathing,death,hit,idle,run	apply,attack,attackDamage,death,receiveDamage,walk
f5_egg	units/f5_egg/spritesheet.png	attack,breathing,death,hit,idle,open	apply,attack,attackDamage,death,receiveDamage,walk
f5_firebreather	units/f5_firebreather/spritesheet.png	attack,breathing,death,hit,idle,projectile,run	apply,attack,attackDamage,death,receiveDamage,walk
f5_flumposaur	units/f5_flumposaur/spritesheet.png	attack,breathing,death,hit,idle,run	apply,attack,attackDamage,death,receiveDamage,walk
f5_general	units/f5_general/spritesheet.png	attack,breathing,cast,castend,castloop,caststart,death,hit,idle,run	apply,attack,attackDamage,death,receiveDamage,walk
f5_genesis	units/f5_genesis/spritesheet.png	attack,breathing,death,hit,idle,run	apply,attack,attackDamage,death,receiveDamage,walk
f5_gibblegup	units/f5_gibblegup/spritesheet.png	attack,breathing,death,hit,idle,run	apply,attack,attackDamage,death,receiveDamage,walk
f5_grandmasterkraigon	units/f5_grandmasterkraigon/spritesheet.png	attack,breathing,death,hit,idle,run	apply,attack,attackDamage,death,receiveDamage,walk
f5_grimrock	units/f5_grimrock/spritesheet.png	attack,breathing,death,hit,idle,run	apply,attack,attackDamage,death,receiveDamage,walk
f5_gro	units/f5_gro/spritesheet.png	attack,breathing,death,hit,idle,run	apply,attack,attackDamage,death,receiveDamage,walk
f5_juggernaut	units/f5_juggernaut/spritesheet.png	attack,breathing,death,hit,idle,run	apply,attack,attackDamage,death,receiveDamage,walk
f5_kolossus	units/f5_kolossus/spritesheet.png	attack,breathing,death,hit,idle,run	apply,attack,attackDamage,death,receiveDamage,walk
f5_kujata	units/f5_kujata/spritesheet.png	attack,breathing,death,hit,idle,run	apply,attack,attackDamage,death,receiveDamage,walk
f5_lavalasher	units/f5_lavalasher/spritesheet.png	attack,breathing,death,hit,idle,run	apply,attack,attackDamage,death,receiveDamage,walk
f5_magma	units/f5_magma/spritesheet.png	attack,breathing,death,hit,idle,run	apply,attack,attackDamage,death,receiveDamage,walk
f5_mandrake	units/f5_mandrake/spritesheet.png	attack,breathing,death,hit,idle,run	apply,attack,attackDamage,death,receiveDamage,walk
f5_mankatorwarbeast	units/f5_mankatorwarbeast/spritesheet.png	attack,breathing,death,hit,idle,run	apply,attack,attackDamage,death,receiveDamage,walk
f5_mech	units/f5_mech/spritesheet.png	attack,breathing,death,hit,idle,run	apply,attack,attackDamage,death,receiveDamage,walk
f5_megabrontodon	units/f5_megabrontodon/spritesheet.png	attack,breathing,death,hit,idle,run	apply,attack,attackDamage,death,receiveDamage,walk
f5_minibeast	units/f5_minibeast/spritesheet.png	attack,breathing,death,hit,idle,run	apply,attack,attackDamage,death,receiveDamage,walk
f5_molokihuntress	units/f5_molokihuntress/spritesheet.png	attack,breathing,death,hit,idle,run	apply,attack,attackDamage,death,receiveDamage,walk
f5_mythronquest	units/f5_mythronquest/spritesheet.png	attack,breathing,death,hit,idle,run	apply,attack,attackDamage,death,receiveDamage,walk
f5_omniseer	units/f5_omniseer/spritesheet.png	attack,breathing,death,hit,idle,run	apply,attack,attackDamage,death,receiveDamage,walk
f5_orphanoftheaspect	units/f5_orphanoftheaspect/spritesheet.png	attack,breathing,idle,run	apply,attack,attackDamage,death,receiveDamage,walk
f5_oxalaia	units/f5_oxalaia/spritesheet.png	attack,breathing,death,hit,idle,run	apply,attack,attackDamage,death,receiveDamage,walk
f5_primordialgazer	units/f5_primordialgazer/spritesheet.png	attack,breathing,death,hit,idle,run	apply,attack,attackDamage,death,receiveDamage,walk
f5_pteryx	units/f5_pteryx/spritesheet.png	attack,breathing,death,hit,idle,run	apply,attack,attackDamage,death,receiveDamage,walk
f5_ragebinder	units/f5_ragebinder/spritesheet.png	attack,breathing,death,hit,idle,run	apply,attack,attackDamage,death,receiveDamage,walk
f5_ragnoramk2	units/f5_ragnoramk2/spritesheet.png	attack,breathing,cast,castend,castloop,caststart,death,hit,idle,run	
f5_rancour	units/f5_rancour/spritesheet.png	attack,breathing,death,hit,idle,run	apply,attack,attackDamage,death,receiveDamage,walk
f5_rex	units/f5_rex/spritesheet.png	attack,breathing,death,hit,idle,run	apply,attack,attackDamage,death,receiveDamage,walk
f5_silitharelder	units/f5_silitharelder/spritesheet.png	attack,breathing,death,hit,idle,run	apply,attack,attackDamage,death,receiveDamage,walk
f5_silitharveteran	units/f5_silitharveteran/spritesheet.png	attack,breathing,death,hit,idle,run	apply,attack,attackDamage,death,receiveDamage,walk
f5_silitharyoung	units/f5_silitharyoung/spritesheet.png	attack,breathe,death,hurt,idle,move	apply,attack,attackDamage,death,receiveDamage,walk
f5_sinergyunit	units/f5_sinergyunit/spritesheet.png	attack,breathing,death,hit,idle,run	apply,attack,attackDamage,death,receiveDamage,walk
f5_sister	units/f5_sister/spritesheet.png	attack,breathing,death,hit,idle,run	apply,attack,attackDamage,death,receiveDamage,walk
f5_spiritharvester	units/f5_spiritharvester/spritesheet.png	attack,breathing,death,hit,idle,run	apply,attack,attackDamage,death,receiveDamage,walk
f5_support	units/f5_support/spritesheet.png	attack,breathing,death,hit,idle,run	apply,attack,attackDamage,death,receiveDamage,walk
f5_tank	units/f5_tank/spritesheet.png	attack,breathing,death,hit,idle,run	apply,attack,attackDamage,death,receiveDamage,walk
f5_thraex	units/f5_thraex/spritesheet.png	attack,breathing,death,hit,idle,run	apply,attack,attackDamage,death,receiveDamage,walk
f5_tier2general	units/f5_tier2general/spritesheet.png	attack,breathing,cast,castend,castloop,caststart,death,hit,idle,run	
f5_unstableflump	units/f5_unstableflump/spritesheet.png	attack,breathing,death,hit,idle,run	apply,attack,attackDamage,death,receiveDamage,walk
f5_unstableleviathan	units/f5_unstableleviathan/spritesheet.png	attack,breathing,death,hit,idle,run	apply,attack,attackDamage,death,receiveDamage,walk
f5_upgradizon	units/f5_upgradizon/spritesheet.png	attack,breathing,death,hit,idle,run	apply,attack,attackDamage,death,receiveDamage,walk
f5_valknu	units/f5_valknu/spritesheet.png	attack,breathing,death,hit,idle,run	apply,attack,attackDamage,death,receiveDamage,walk
f5_vindicator	units/f5_vindicator/spritesheet.png	attack,breathing,death,hit,idle,run	apply,attack,attackDamage,death,receiveDamage,walk
f5_visionar	units/f5_visionar/spritesheet.png	attack,breathing,death,hit,idle,run	apply,attack,attackDamage,death,receiveDamage,walk
f5_wildinceptor	units/f5_wildinceptor/spritesheet.png	attack,breathing,death,hit,idle,run	apply,attack,attackDamage,death,receiveDamage,walk
f6_3rdgeneral	units/f6_3rdgeneral/spritesheet.png	attack,breathing,cast,castend,castloop,caststart,death,hit,idle,run	apply,attack,attackDamage,death,receiveDamage,walk
f6_altgeneral	units/f6_altgeneral/spritesheet.png	attack,breathing,cast,castend,castloop,caststart,death,hit,idle,run	apply,attack,attackDamage,death,receiveDamage,walk
f6_altgeneraltier2	units/f6_altgeneraltier2/spritesheet.png	attack,breathing,cast,castend,castloop,caststart,death,hit,idle,run	
f6_arcticrhyno	units/f6_arcticrhyno/spritesheet.png	attack,breathing,death,hit,idle,run	apply,attack,attackDamage,death,receiveDamage,walk
f6_auroraguardian	units/f6_auroraguardian/spritesheet.png	attack,breathing,death,hit,idle,run	apply,attack,attackDamage,death,receiveDamage,walk
f6_blazingspines	units/f6_blazingspines/spritesheet.png	attack,breathing,death,hit,idle	apply,attack,attackDamage,death,receiveDamage,walk
f6_bloodsurge	units/f6_bloodsurge/spritesheet.png	attack,breathing,death,hit,idle,run	apply,attack,attackDamage,death,receiveDamage,walk
f6_bonechillbarrier	units/f6_bonechillbarrier/spritesheet.png	attack,breathing,death,hit,idle	apply,attack,attackDamage,death,receiveDamage,walk
f6_buildcommon	units/f6_buildcommon/spritesheet.png	attack,breathing,death,hit,idle,run	apply,attack,attackDamage,death,receiveDamage,walk
f6_buildlegendary	units/f6_buildlegendary/spritesheet.png	attack,breathing,death,hit,idle,run	apply,attack,attackDamage,death,receiveDamage,walk
f6_buildminion	units/f6_buildminion/spritesheet.png	attack,breathing,death,hit,idle	apply,attack,attackDamage,death,receiveDamage,walk
f6_bur	units/f6_bur/spritesheet.png	attack,breathing,death,hit,idle,run	apply,attack,attackDamage,death,receiveDamage,walk
f6_circulus	units/f6_circulus/spritesheet.png	attack,breathing,death,hit,idle,run	apply,attack,attackDamage,death,receiveDamage,walk
f6_crystalbeetle	units/f6_crystalbeetle/spritesheet.png	attack,breathing,death,hit,idle,run	apply,attack,attackDamage,death,receiveDamage,walk
f6_doofybear	units/f6_doofybear/spritesheet.png	attack,breathing,death,hit,idle,run	apply,attack,attackDamage,death,receiveDamage,walk
f6_draugarlord	units/f6_draugarlord/spritesheet.png	attack,breathing,death,hit,idle,run	apply,attack,attackDamage,death,receiveDamage,walk
f6_eldersaberspine	units/f6_eldersaberspine/spritesheet.png	attack,breathing,death,hit,idle,run	apply,attack,attackDamage,death,receiveDamage,walk
f6_elklodon	units/f6_elklodon/spritesheet.png	attack,breathing,death,hit,idle,run	apply,attack,attackDamage,death,receiveDamage,walk
f6_evilcrystalwisp	units/f6_evilcrystalwisp/spritesheet.png	attack,breathing,death,hit,idle,run	apply,attack,attackDamage,death,receiveDamage,walk
f6_explodingwall	units/f6_explodingwall/spritesheet.png	attack,breathing,death,hit,idle	apply,attack,attackDamage,death,receiveDamage,walk
f6_faiefestive	units/f6_faiefestive/spritesheet.png	attack,breathing,cast,castend,castloop,caststart,death,hit,idle,run	
f6_fenrirwarmaster	units/f6_fenrirwarmaster/spritesheet.png	attack,breathing,death,hit,idle,run	apply,attack,attackDamage,death,receiveDamage,walk
f6_fenrirwerewolf	units/f6_fenrirwerewolf/spritesheet.png	attack,breathing,death,hit,idle,run	apply,attack,attackDamage,death,receiveDamage,walk
f6_freeblade	units/f6_freeblade/spritesheet.png	attack,breathing,death,hit,idle,run	apply,attack,attackDamage,death,receiveDamage,walk
f6_frostbitehawker	units/f6_frostbitehawker/spritesheet.png	attack,breathing,death,hit,idle,run	apply,attack,attackDamage,death,receiveDamage,walk
f6_frostdrake	units/f6_frostdrake/spritesheet.png	attack,breathing,death,hit,idle,run	apply,attack,attackDamage,death,receiveDamage,walk
f6_frostiva	units/f6_frostiva/spritesheet.png	attack,breathing,death,hit,idle,run	apply,attack,attackDamage,death,receiveDamage,walk
f6_general	units/f6_general/spritesheet.png	attack,breathing,cast,castend,castloop,caststart,death,hit,idle,run	apply,attack,attackDamage,death,receiveDamage,walk
f6_ghostseraphim	units/f6_ghostseraphim/spritesheet.png	attack,breathing,death,hit,idle,run	apply,attack,attackDamage,death,receiveDamage,walk
f6_grandmasterembla	units/f6_grandmasterembla/spritesheet.png	attack,breathing,death,hit,idle,run	apply,attack,attackDamage,death,receiveDamage,walk
f6_gravitywell	units/f6_gravitywell/spritesheet.png	breathing,death,hit,idle	apply,attack,attackDamage,death,receiveDamage,walk
f6_greatwhitenorth	units/f6_greatwhitenorth/spritesheet.png	attack,breathing,death,hit,idle,run	apply,attack,attackDamage,death,receiveDamage,walk
f6_huldra	units/f6_huldra/spritesheet.png	attack,breathing,death,hit,idle,run	apply,attack,attackDamage,death,receiveDamage,walk
f6_icedryad	units/f6_icedryad/spritesheet.png	attack,breathing,death,hit,idle,run	apply,attack,attackDamage,death,receiveDamage,walk
f6_icehornet	units/f6_icehornet/spritesheet.png	attack,breathing,death,hit,idle,run	apply,attack,attackDamage,death,receiveDamage,walk
f6_icy	units/f6_icy/spritesheet.png	attack,breathing,death,hit,idle,run	apply,attack,attackDamage,death,receiveDamage,walk
f6_ilenamk2	units/f6_ilenamk2/spritesheet.png	attack,breathing,cast,castend,castloop,caststart,death,hit,idle,run	
f6_justice	units/f6_justice/spritesheet.png	attack,breathing,death,hit,idle,run	apply,attack,attackDamage,death,receiveDamage,walk
f6_kindredhunter	units/f6_kindredhunter/spritesheet.png	attack,breathing,death,hit,idle,run	apply,attack,attackDamage,death,receiveDamage,walk
f6_mech	units/f6_mech/spritesheet.png	attack,breathing,death,hit,idle,run	apply,attack,attackDamage,death,receiveDamage,walk
f6_minitreant	units/f6_minitreant/spritesheet.png	attack,breathing,death,hit,idle,run	apply,attack,attackDamage,death,receiveDamage,walk
f6_motherofdrakes	units/f6_motherofdrakes/spritesheet.png	attack,breathing,death,hit,idle,projectile,run	apply,attack,attackDamage,death,receiveDamage,walk
f6_myriad	units/f6_myriad/spritesheet.png	attack,breathing,death,hit,idle,run	apply,attack,attackDamage,death,receiveDamage,walk
f6_mythronquest	units/f6_mythronquest/spritesheet.png	attack,breathing,death,hit,idle,run	apply,attack,attackDamage,death,receiveDamage,walk
f6_perfectreflection	units/f6_perfectreflection/spritesheet.png	attack,breathing,death,hit,idle,run	apply,attack,attackDamage,death,receiveDamage,walk
f6_ravager	units/f6_ravager/spritesheet.png	attack,breathing,death,hit,idle,run	apply,attack,attackDamage,death,receiveDamage,walk
f6_seismicelemental	units/f6_seismicelemental/spritesheet.png	attack,breathing,death,hit,idle,run	apply,attack,attackDamage,death,receiveDamage,walk
f6_sentinel	units/f6_sentinel/spritesheet.png	attack,breathing,death,hit,idle,run	apply,attack,attackDamage,death,receiveDamage,walk
f6_shadowvespyr	units/f6_shadowvespyr/spritesheet.png	attack,breathing,death,hit,idle,run	apply,attack,attackDamage,death,receiveDamage,walk
f6_sinergyunit	units/f6_sinergyunit/spritesheet.png	attack,breathing,death,hit,idle,run	apply,attack,attackDamage,death,receiveDamage,walk
f6_sister	units/f6_sister/spritesheet.png	attack,breathing,death,hit,idle,run	apply,attack,attackDamage,death,receiveDamage,walk
f6_sleetdasher	units/f6_sleetdasher/spritesheet.png	attack,breathing,death,hit,idle,run	apply,attack,attackDamage,death,receiveDamage,walk
f6_snowchaser	units/f6_snowchaser/spritesheet.png	attack,breathing,death,hit,idle,run	apply,attack,attackDamage,death,receiveDamage,walk
f6_snowchasermk2	units/f6_snowchasermk2/spritesheet.png	attack,breathing,death,hit,idle,run	apply,attack,attackDamage,death,receiveDamage,walk
f6_snowman	units/f6_snowman/spritesheet.png	attack,breathing,death,hit,idle,run	apply,attack,attackDamage,death,receiveDamage,walk
f6_snowrippler	units/f6_snowrippler/spritesheet.png	attack,breathing,death,hit,idle,run	apply,attack,attackDamage,death,receiveDamage,walk
f6_snowwyvern	units/f6_snowwyvern/spritesheet.png	attack,breathing,death,hit,idle,run	apply,attack,attackDamage,death,receiveDamage,walk
f6_spiritwolf	units/f6_spiritwolf/spritesheet.png	attack,breathing,death,hit,idle,run	apply,attack,attackDamage,death,receiveDamage,walk
f6_tier2general	units/f6_tier2general/spritesheet.png	attack,breathing,cast,castend,castloop,caststart,death,hit,idle,run	
f6_treant	units/f6_treant/spritesheet.png	attack,breathing,death,hit,idle,run	apply,attack,attackDamage,death,receiveDamage,walk
f6_tundraguardian	units/f6_tundraguardian/spritesheet.png	attack,breathing,death,hit,idle,run	apply,attack,attackDamage,death,receiveDamage,walk
f6_vanarsentinel	units/f6_vanarsentinel/spritesheet.png	attack,breathing,death,hit,idle,run	apply,attack,attackDamage,death,receiveDamage,walk
f6_voiceofthewind	units/f6_voiceofthewind/spritesheet.png	attack,breathing,death,hit,idle,run	apply,attack,attackDamage,death,receiveDamage,walk
f6_waterbear	units/f6_waterbear/spritesheet.png	attack,breathing,death,hit,idle,run	apply,attack,attackDamage,death,receiveDamage,walk
f6_waterelemental	units/f6_waterelemental/spritesheet.png	attack,breathing,death,hit,idle,run	apply,attack,attackDamage,death,receiveDamage,walk
f6_whitewyvern	units/f6_whitewyvern/spritesheet.png	attack,breathing,death,hit,idle,run	apply,attack,attackDamage,death,receiveDamage,walk
f6_wolfraven	units/f6_wolfraven/spritesheet.png	attack,breathing,death,hit,idle,run	apply,attack,attackDamage,death,receiveDamage,walk
f6_ynuyttracker	units/f6_ynuyttracker/spritesheet.png	attack,breathing,death,hit,idle,run	apply,attack,attackDamage,death,receiveDamage,walk
f6_ynuytunleashed	units/f6_ynuytunleashed/spritesheet.png	attack,breathing,death,hit,idle,run	apply,attack,attackDamage,death,receiveDamage,walk
f6_ynuytwarlock	units/f6_ynuytwarlock/spritesheet.png	attack,breathing,death,hit,idle,run	apply,attack,attackDamage,death,receiveDamage,walk
neutral_abjudicator	units/neutral_abjudicator/spritesheet.png	attack,breathing,death,hit,idle,run	apply,attack,attackDamage,death,receiveDamage,walk
neutral_aer	units/neutral_aer/spritesheet.png	attack,breathing,death,hit,idle,run	apply,attack,attackDamage,death,receiveDamage,walk
neutral_aethermaster	units/neutral_aethermaster/spritesheet.png	attack,breathing,death,hit,idle,run	apply,attack,attackDamage,death,receiveDamage,walk
neutral_alterrexx	units/neutral_alterrexx/spritesheet.png	attack,breathing,death,hit,idle,run	apply,attack,attackDamage,death,receiveDamage,walk
neutral_amu	units/neutral_amu/spritesheet.png	attack,breathing,death,hit,idle,run	apply,attack,attackDamage,death,receiveDamage,walk
neutral_arakiheadhunter	units/neutral_arakiheadhunter/spritesheet.png	attack,breathing,death,hit,idle,run	apply,attack,attackDamage,death,receiveDamage,walk
neutral_arrowwhistler	units/neutral_arrowwhistler/spritesheet.png	attack,breathing,death,hit,idle,run	apply,attack,attackDamage,death,receiveDamage,walk
neutral_artificer	units/neutral_artificer/spritesheet.png	attack,breathing,death,hit,idle,run	apply,attack,attackDamage,death,receiveDamage,walk
neutral_artificereshaper	units/neutral_artificereshaper/spritesheet.png	attack,breathing,death,hit,idle,run	apply,attack,attackDamage,death,receiveDamage,walk
neutral_ashmephyt	units/neutral_ashmephyt/spritesheet.png	attack,breathing,death,hit,idle,run	apply,attack,attackDamage,death,receiveDamage,walk
neutral_astralcrusader	units/neutral_astralcrusader/spritesheet.png	attack,breathing,death,hit,idle,run	apply,attack,attackDamage,death,receiveDamage,walk
neutral_astralprime	units/neutral_astralprime/spritesheet.png	attack,breathing,death,hit,idle,run	apply,attack,attackDamage,death,receiveDamage,walk
neutral_azureherald	units/neutral_azureherald/spritesheet.png	attack,breathing,death,hit,idle,run	apply,attack,attackDamage,death,receiveDamage,walk
neutral_bastion	units/neutral_bastion/spritesheet.png	attack,breathing,death,hit,idle,run	apply,attack,attackDamage,death,receiveDamage,walk
neutral_beastcavern	units/neutral_beastcavern/spritesheet.png	attack,breathing,death,hit,idle,run	apply,attack,attackDamage,death,receiveDamage,walk
neutral_beastdarkharbinger	units/neutral_beastdarkharbinger/spritesheet.png	attack,breathing,death,hit,idle,run	apply,attack,attackDamage,death,receiveDamage,walk
neutral_beastmaster	units/neutral_beastmaster/spritesheet.png	attack,breathing,death,hit,idle,run	apply,attack,attackDamage,death,receiveDamage,walk
neutral_beastmirkwooddevourer	units/neutral_beastmirkwooddevourer/spritesheet.png	attack,breathing,death,hit,idle,run	apply,attack,attackDamage,death,receiveDamage,walk
neutral_beastphasehound	units/neutral_beastphasehound/spritesheet.png	attack,breathing,death,hit,idle,run	apply,attack,attackDamage,death,receiveDamage,walk
neutral_beastrepulsion	units/neutral_beastrepulsion/spritesheet.png	attack,breathing,death,hit,idle,run	apply,attack,attackDamage,death,receiveDamage,walk
neutral_beastsaberspinetiger	units/neutral_beastsaberspinetiger/spritesheet.png	attack,breathing,death,hit,idle,run	apply,attack,attackDamage,death,receiveDamage,walk
neutral_beastswamp	units/neutral_beastswamp/spritesheet.png	attack,breathing,death,hit,idle,run	apply,attack,attackDamage,death,receiveDamage,walk
neutral_blacklocust	units/neutral_blacklocust/spritesheet.png	attack,breathing,death,hit,idle,run	apply,attack,attackDamage,death,receiveDamage,walk
neutral_blisteringscorn	units/neutral_blisteringscorn/spritesheet.png	attack,breathing,death,hit,idle,run	apply,attack,attackDamage,death,receiveDamage,walk
neutral_bloodletter	units/neutral_bloodletter/spritesheet.png	attack,breathing,death,hit,idle,run	apply,attack,attackDamage,death,receiveDamage,walk
neutral_bloodstonealchemist	units/neutral_bloodstonealchemist/spritesheet.png	attack,breathing,death,hit,idle,run	apply,attack,attackDamage,death,receiveDamage,walk
neutral_blueconjurer	units/neutral_blueconjurer/spritesheet.png	attack,breathing,death,hit,idle,run	apply,attack,attackDamage,death,receiveDamage,walk
neutral_bonereaper	units/neutral_bonereaper/spritesheet.png	attack,breathing,death,hit,idle,run	apply,attack,attackDamage,death,receiveDamage,walk
neutral_boulderbreach	units/neutral_boulderbreach/spritesheet.png	attack,breathing,death,hit,idle,run	apply,attack,attackDamage,death,receiveDamage,walk
neutral_boulderhurler	units/neutral_boulderhurler/spritesheet.png	attack,breathing,death,hit,idle,run	apply,attack,attackDamage,death,receiveDamage,walk
neutral_buildcommon	units/neutral_buildcommon/spritesheet.png	attack,breathing,death,hit,idle,run	apply,attack,attackDamage,death,receiveDamage,walk
neutral_buildepic	units/neutral_buildepic/spritesheet.png	attack,breathing,death,hit,idle,run	apply,attack,attackDamage,death,receiveDamage,walk
neutral_buildminion	units/neutral_buildminion/spritesheet.png	attack,breathing,death,hit,idle	apply,attack,attackDamage,death,receiveDamage,walk
neutral_calculator	units/neutral_calculator/spritesheet.png	attack,breathing,death,hit,idle,run	apply,attack,attackDamage,death,receiveDamage,walk
neutral_capriciouswarrior	units/neutral_capriciouswarrior/spritesheet.png	attack,breathing,death,hit,idle,run	apply,attack,attackDamage,death,receiveDamage,walk
neutral_captainhankheart	units/neutral_captainhankheart/spritesheet.png	attack,breathing,death,hit,idle,projectile,run	apply,attack,attackDamage,death,receiveDamage,walk
neutral_celebrant	units/neutral_celebrant/spritesheet.png	attack,breathing,death,hit,idle,run	apply,attack,attackDamage,death,receiveDamage,walk
neutral_chakkram	units/neutral_chakkram/spritesheet.png	attack,breathing,death,hit,idle,projectile,run	apply,attack,attackDamage,death,receiveDamage,walk
neutral_chaoselemental	units/neutral_chaoselemental/spritesheet.png	attack,breathing,death,hit,idle,run	apply,attack,attackDamage,death,receiveDamage,walk
neutral_chloroara	units/neutral_chloroara/spritesheet.png	attack,breathing,death,hit,idle,run	apply,attack,attackDamage,death,receiveDamage,walk
neutral_contentiousbrute	units/neutral_contentiousbrute/spritesheet.png	attack,breathing,death,hit,idle,run	apply,attack,attackDamage,death,receiveDamage,walk
neutral_crimsonmystic	units/neutral_crimsonmystic/spritesheet.png	attack,breathing,death,hit,idle,run	apply,attack,attackDamage,death,receiveDamage,walk
neutral_critterc	units/neutral_critterc/spritesheet.png	attack,breathing,death,hit,idle,run	apply,attack,attackDamage,death,receiveDamage,walk
neutral_critterd	units/neutral_critterd/spritesheet.png	attack,breathing,death,hit,idle,run	apply,attack,attackDamage,death,receiveDamage,walk
neutral_cryptographer	units/neutral_cryptographer/spritesheet.png	attack,breathing,death,hit,idle,run	apply,attack,attackDamage,death,receiveDamage,walk
neutral_dagona	units/neutral_dagona/spritesheet.png	attack,breathing,death,hit,idle,run	apply,attack,attackDamage,death,receiveDamage,walk
neutral_dagonafish	units/neutral_dagonafish/spritesheet.png	attack,breathing,death,hit,idle,run	apply,attack,attackDamage,death,receiveDamage,walk
neutral_darknemesis	units/neutral_darknemesis/spritesheet.png	attack,breathing,death,hit,idle,run	apply,attack,attackDamage,death,receiveDamage,walk
neutral_daywatcher	units/neutral_daywatcher/spritesheet.png	attack,breathing,death,hit,idle,run	apply,attack,attackDamage,death,receiveDamage,walk
neutral_deathblighter	units/neutral_deathblighter/spritesheet.png	attack,breathing,death,hit,idle,run	apply,attack,attackDamage,death,receiveDamage,walk
neutral_deceptib0t	units/neutral_deceptib0t/spritesheet.png	attack,breathing,death,hit,idle,run	apply,attack,attackDamage,death,receiveDamage,walk
neutral_dex	units/neutral_dex/spritesheet.png	attack,breathing,death,hit,idle,run	apply,attack,attackDamage,death,receiveDamage,walk
neutral_diamondgolem	units/neutral_diamondgolem/spritesheet.png	attack,breathing,death,hit,idle,run	apply,attack,attackDamage,death,receiveDamage,walk
neutral_dilotas_attack	units/neutral_dilotas_attack/spritesheet.png	attack,breathing,death,hit,idle,run	apply,attack,attackDamage,death,receiveDamage,walk
neutral_dreamgazer	units/neutral_dreamgazer/spritesheet.png	attack,breathing,death,hit,idle,run	apply,attack,attackDamage,death,receiveDamage,walk
neutral_dustwailer	units/neutral_dustwailer/spritesheet.png	attack,breathing,death,hit,idle,run	apply,attack,attackDamage,death,receiveDamage,walk
neutral_eclipse	units/neutral_eclipse/spritesheet.png	attack,breathing,death,hit,idle,run	apply,attack,attackDamage,death,receiveDamage,walk
neutral_emp	units/neutral_emp/spritesheet.png	attack,breathing,death,hit,idle,run	apply,attack,attackDamage,death,receiveDamage,walk
neutral_envybaer	units/neutral_envybaer/spritesheet.png	attack,breathing,death,hit,idle,run	apply,attack,attackDamage,death,receiveDamage,walk
neutral_exun	units/neutral_exun/spritesheet.png	attack,breathing,death,hit,idle,run	apply,attack,attackDamage,death,receiveDamage,walk
neutral_feralu	units/neutral_feralu/spritesheet.png	attack,breathing,death,hit,idle,run	apply,attack,attackDamage,death,receiveDamage,walk
neutral_firestarter	units/neutral_firestarter/spritesheet.png	attack,breathing,death,hit,idle,run	apply,attack,attackDamage,death,receiveDamage,walk
neutral_fog	units/neutral_fog/spritesheet.png	attack,breathing,death,hit,idle,run	apply,attack,attackDamage,death,receiveDamage,walk
neutral_gambler	units/neutral_gambler/spritesheet.png	attack,breathing,death,hit,idle,projectile,run	apply,attack,attackDamage,death,receiveDamage,walk
neutral_gauntletmaster	units/neutral_gauntletmaster/spritesheet.png	attack,breathing,death,hit,idle,run	apply,attack,attackDamage,death,receiveDamage,walk
neutral_geargrinder	units/neutral_geargrinder/spritesheet.png	attack,breathing,death,hit,idle,run	apply,attack,attackDamage,death,receiveDamage,walk
neutral_ghostlynx	units/neutral_ghostlynx/spritesheet.png	attack,breathing,death,hit,idle,run	apply,attack,attackDamage,death,receiveDamage,walk
neutral_ghoulie	units/neutral_ghoulie/spritesheet.png	attack,breathing,death,hit,idle,run	apply,attack,attackDamage,death,receiveDamage,walk
neutral_giantcrab	units/neutral_giantcrab/spritesheet.png	attack,breathing,death,hit,idle,run	apply,attack,attackDamage,death,receiveDamage,walk
neutral_gnasher	units/neutral_gnasher/spritesheet.png	attack,breathing,death,hit,idle,run	apply,attack,attackDamage,death,receiveDamage,walk
neutral_goldenhammer	units/neutral_goldenhammer/spritesheet.png	attack,breathing,death,hit,idle,run	apply,attack,attackDamage,death,receiveDamage,walk
neutral_goldenjusticar	units/neutral_goldenjusticar/spritesheet.png	attack,breathing,death,hit,idle,run	apply,attack,attackDamage,death,receiveDamage,walk
neutral_goldenmantella	units/neutral_goldenmantella/spritesheet.png	attack,breathing,death,hit,idle,run	apply,attack,attackDamage,death,receiveDamage,walk
neutral_golem_crossbones	units/neutral_golem_crossbones/spritesheet.png	attack,breathing,death,hurt,idle,movement,projectile	apply,attack,attackDamage,death,receiveDamage,walk
neutral_golembloodshard	units/neutral_golembloodshard/spritesheet.png	attack,breathing,death,hit,idle,run	apply,attack,attackDamage,death,receiveDamage,walk
neutral_golemdragonbone	units/neutral_golemdragonbone/spritesheet.png	attack,breathing,death,hit,idle,run	apply,attack,attackDamage,death,receiveDamage,walk
neutral_golemice	units/neutral_golemice/spritesheet.png	attack,breathing,death,hit,idle,run	apply,attack,attackDamage,death,receiveDamage,walk
neutral_golemnature	units/neutral_golemnature/spritesheet.png	attack,breathing,death,hit,idle,run	apply,attack,attackDamage,death,receiveDamage,walk
neutral_golemrunesand	units/neutral_golemrunesand/spritesheet.png	attack,breathing,death,hit,idle,run	apply,attack,attackDamage,death,receiveDamage,walk
neutral_golemsteel	units/neutral_golemsteel/spritesheet.png	attack,breathing,death,hit,idle,run	apply,attack,attackDamage,death,receiveDamage,walk
neutral_golemstone	units/neutral_golemstone/spritesheet.png	attack,breathing,death,hit,idle,run	apply,attack,attackDamage,death,receiveDamage,walk
neutral_golemstormmetal	units/neutral_golemstormmetal/spritesheet.png	attack,breathing,death,hit,idle,run	apply,attack,attackDamage,death,receiveDamage,walk
neutral_grablackhole	units/neutral_grablackhole/spritesheet.png	attack,breathing,death,hit,idle,run	apply,attack,attackDamage,death,receiveDamage,walk
neutral_grimes	units/neutral_grimes/spritesheet.png	attack,breathing,death,hit,idle,run	apply,attack,attackDamage,death,receiveDamage,walk
neutral_grincher	units/neutral_grincher/spritesheet.png	attack,breathing,death,hit,idle,run	apply,attack,attackDamage,death,receiveDamage,walk
neutral_gro	units/neutral_gro/spritesheet.png	attack,breathing,death,hit,idle,run	apply,attack,attackDamage,death,receiveDamage,walk
neutral_hatred	units/neutral_hatred/spritesheet.png	attack,breathing,death,hit,idle,run	apply,attack,attackDamage,death,receiveDamage,walk
neutral_healingmystic	units/neutral_healingmystic/spritesheet.png	attack,breathing,death,hit,idle,run	apply,attack,attackDamage,death,receiveDamage,walk
neutral_healingmysticbandainamco	units/neutral_healingmysticbandainamco/spritesheet.png	attack,breathing,death,hit,idle,run	
neutral_healingmystictwitch	units/neutral_healingmystictwitch/spritesheet.png	attack,breathing,death,hit,idle,run	
neutral_highhand	units/neutral_highhand/spritesheet.png	attack,breathing,death,hit,idle,run	apply,attack,attackDamage,death,receiveDamage,walk
neutral_hollowgrovekeeper	units/neutral_hollowgrovekeeper/spritesheet.png	attack,breathing,death,hit,idle,run	apply,attack,attackDamage,death,receiveDamage,walk
neutral_hsuku	units/neutral_hsuku/spritesheet.png	attack,breathing,death,hit,idle,run	apply,attack,attackDamage,death,receiveDamage,walk
neutral_hydrax	units/neutral_hydrax/spritesheet.png	attack,breathing,death,hit,idle,run	apply,attack,attackDamage,death,receiveDamage,walk
neutral_incindy	units/neutral_incindy/spritesheet.png	attack,breathing,death,hit,idle,run	apply,attack,attackDamage,death,receiveDamage,walk
neutral_inquisitorkron	units/neutral_inquisitorkron/spritesheet.png	attack,breathing,death,hit,idle,run	apply,attack,attackDamage,death,receiveDamage,walk
neutral_ion	units/neutral_ion/spritesheet.png	attack,breathing,death,hit,idle,projectile,run	apply,attack,attackDamage,death,receiveDamage,walk
neutral_ironclad	units/neutral_ironclad/spritesheet.png	attack,breathing,death,hit,idle,run	apply,attack,attackDamage,death,receiveDamage,walk
neutral_jaxi	units/neutral_jaxi/spritesheet.png	attack,breathing,death,hit,idle,run	apply,attack,attackDamage,death,receiveDamage,walk
neutral_jaxtruesight	units/neutral_jaxtruesight/spritesheet.png	attack,breathing,death,hit,idle,projectile,run	apply,attack,attackDamage,death,receiveDamage,walk
neutral_keeperofthevale	units/neutral_keeperofthevale/spritesheet.png	attack,breathing,death,hit,idle,run	apply,attack,attackDamage,death,receiveDamage,walk
neutral_keeperofthevalue	units/neutral_keeperofthevalue/spritesheet.png	attack,breathing,death,hit,idle,run	
neutral_khymera	units/neutral_khymera/spritesheet.png	attack,breathing,death,hit,idle,run	apply,attack,attackDamage,death,receiveDamage,walk
neutral_kin	units/neutral_kin/spritesheet.png	attack,breathing,death,hit,idle,run	apply,attack,attackDamage,death,receiveDamage,walk
neutral_koi	units/neutral_koi/spritesheet.png	attack,breathing,death,hit,idle,run	apply,attack,attackDamage,death,receiveDamage,walk
neutral_komodokin	units/neutral_komodokin/spritesheet.png	attack,breathing,death,hit,idle,run	apply,attack,attackDamage,death,receiveDamage,walk
neutral_ladylocke	units/neutral_ladylocke/spritesheet.png	attack,breathing,death,hit,idle,run	apply,attack,attackDamage,death,receiveDamage,walk
neutral_letigress	units/neutral_letigress/spritesheet.png	attack,breathing,death,hit,idle,projectile,run	apply,attack,attackDamage,death,receiveDamage,walk
neutral_letigresscub	units/neutral_letigresscub/spritesheet.png	attack,breathing,death,hit,idle,run	apply,attack,attackDamage,death,receiveDamage,walk
neutral_loreweaver	units/neutral_loreweaver/spritesheet.png	attack,breathing,death,hit,idle,run	apply,attack,attackDamage,death,receiveDamage,walk
neutral_luxignis	units/neutral_luxignis/spritesheet.png	attack,breathing,death,hit,idle,projectile,run	apply,attack,attackDamage,death,receiveDamage,walk
neutral_mageswarm	units/neutral_mageswarm/spritesheet.png	attack,breathing,death,hit,idle,run	apply,attack,attackDamage,death,receiveDamage,walk
neutral_masteroftheseven	units/neutral_masteroftheseven/spritesheet.png	attack,breathing,death,hit,idle,run	apply,attack,attackDamage,death,receiveDamage,walk
neutral_maw	units/neutral_maw/spritesheet.png	attack,breathing,death,hit,idle,run	apply,attack,attackDamage,death,receiveDamage,walk
neutral_mechaz0rcannon	units/neutral_mechaz0rcannon/spritesheet.png	attack,breathing,death,hit,idle,projectile,run	apply,attack,attackDamage,death,receiveDamage,walk
neutral_mechaz0rchassis	units/neutral_mechaz0rchassis/spritesheet.png	attack,breathing,death,hit,idle,run	apply,attack,attackDamage,death,receiveDamage,walk
neutral_mechaz0rhelm	units/neutral_mechaz0rhelm/spritesheet.png	attack,breathing,death,hit,idle,run	apply,attack,attackDamage,death,receiveDamage,walk
neutral_mechaz0rsuper	units/neutral_mechaz0rsuper/spritesheet.png	attack,breathing,death,hit,idle,projectile,run	apply,attack,attackDamage,death,receiveDamage,walk
neutral_mechaz0rsword	units/neutral_mechaz0rsword/spritesheet.png	attack,breathing,death,hit,idle,run	apply,attack,attackDamage,death,receiveDamage,walk
neutral_mechaz0rwing	units/neutral_mechaz0rwing/spritesheet.png	attack,breathing,death,hit,idle,projectile,run	apply,attack,attackDamage,death,receiveDamage,walk
neutral_meltdown	units/neutral_meltdown/spritesheet.png	attack,breathing,death,hit,idle,run	apply,attack,attackDamage,death,receiveDamage,walk
neutral_mercarcanelimiter	units/neutral_mercarcanelimiter/spritesheet.png	attack,breathing,death,hit,idle,run	apply,attack,attackDamage,death,receiveDamage,walk
neutral_mercarchonspellbinder	units/neutral_mercarchonspellbinder/spritesheet.png	attack,breathing,death,hit,idle,run	apply,attack,attackDamage,death,receiveDamage,walk
neutral_mercazurehorn	units/neutral_mercazurehorn/spritesheet.png	attack,breathing,death,hit,idle,run	apply,attack,attackDamage,death,receiveDamage,walk
neutral_merccaster1	units/neutral_merccaster1/spritesheet.png	attack,breathing,death,hit,idle,run	apply,attack,attackDamage,death,receiveDamage,walk
neutral_mercdaggerkiri	units/neutral_mercdaggerkiri/spritesheet.png	attack,breathing,death,hit,idle,run	apply,attack,attackDamage,death,receiveDamage,walk
neutral_mercflamebloodwarlock	units/neutral_mercflamebloodwarlock/spritesheet.png	attack,breathing,death,hit,idle,projectile,run	apply,attack,attackDamage,death,receiveDamage,walk
neutral_mercfrostbonenaga	units/neutral_mercfrostbonenaga/spritesheet.png	attack,breathing,death,hit,idle,run	apply,attack,attackDamage,death,receiveDamage,walk
neutral_mercgambitgirl	units/neutral_mercgambitgirl/spritesheet.png	attack,breathing,death,hit,idle,run	apply,attack,attackDamage,death,receiveDamage,walk
neutral_mercgrenadier	units/neutral_mercgrenadier/spritesheet.png	attack,breathing,death,hit,idle,projectile,run	apply,attack,attackDamage,death,receiveDamage,walk
neutral_mercmelee1	units/neutral_mercmelee1/spritesheet.png	attack,breathing,death,hit,idle,run	
neutral_mercmelee2	units/neutral_mercmelee2/spritesheet.png	attack,breathing,death,hit,idle,run	apply,attack,attackDamage,death,receiveDamage,walk
neutral_mercmelee3	units/neutral_mercmelee3/spritesheet.png	attack,breathing,death,hit,idle,run	apply,attack,attackDamage,death,receiveDamage,walk
neutral_mercmelee4	units/neutral_mercmelee4/spritesheet.png	attack,breathing,death,hit,idle,run	
neutral_mercmindwarper	units/neutral_mercmindwarper/spritesheet.png	attack,breathing,death,hit,idle,run	apply,attack,attackDamage,death,receiveDamage,walk
neutral_mercneedler	units/neutral_mercneedler/spritesheet.png	attack,breathing,death,hit,idle,run	apply,attack,attackDamage,death,receiveDamage,walk
neutral_mercowlbearmage	units/neutral_mercowlbearmage/spritesheet.png	attack,breathing,death,hit,idle,run	apply,attack,attackDamage,death,receiveDamage,walk
neutral_mercpirate	units/neutral_mercpirate/spritesheet.png	attack,breathing,death,hit,idle,run	apply,attack,attackDamage,death,receiveDamage,walk
neutral_mercpiratebeast	units/neutral_mercpiratebeast/spritesheet.png	attack,breathing,death,hit,idle,run	
neutral_mercranged1	units/neutral_mercranged1/spritesheet.png	attack,breathing,death,hit,idle,projectile,run	
neutral_mercshieldoracle	units/neutral_mercshieldoracle/spritesheet.png	attack,breathing,death,hit,idle,run	apply,attack,attackDamage,death,receiveDamage,walk
neutral_mercsightlessfarseer	units/neutral_mercsightlessfarseer/spritesheet.png	attack,breathing,death,hit,idle,run	apply,attack,attackDamage,death,receiveDamage,walk
neutral_mercsongweaver	units/neutral_mercsongweaver/spritesheet.png	attack,breathing,death,hit,idle,run	apply,attack,attackDamage,death,receiveDamage,walk
neutral_mercsunseer	units/neutral_mercsunseer/spritesheet.png	attack,breathing,death,hit,idle,run	apply,attack,attackDamage,death,receiveDamage,walk
neutral_mercswornavanger	units/neutral_mercswornavanger/spritesheet.png	attack,breathing,death,hit,idle,projectile,run	apply,attack,attackDamage,death,receiveDamage,walk
neutral_mercsworndefender	units/neutral_mercsworndefender/spritesheet.png	attack,breathing,death,hit,idle,run	apply,attack,attackDamage,death,receiveDamage,walk
neutral_merctwilightmage	units/neutral_merctwilightmage/spritesheet.png	attack,breathing,death,hit,idle,run	apply,attack,attackDamage,death,receiveDamage,walk
neutral_merctwinbladewarmonger	units/neutral_merctwinbladewarmonger/spritesheet.png	attack,breathing,death,hit,idle,run	apply,attack,attackDamage,death,receiveDamage,walk
neutral_metaltooth	units/neutral_metaltooth/spritesheet.png	attack,breathing,death,hit,idle,run	apply,attack,attackDamage,death,receiveDamage,walk
neutral_minijax	units/neutral_minijax/spritesheet.png	attack,breathing,death,hit,idle,projectile,run	apply,attack,attackDamage,death,receiveDamage,walk
neutral_mirrormancer	units/neutral_mirrormancer/spritesheet.png	attack,breathing,death,hit,idle,run	apply,attack,attackDamage,death,receiveDamage,walk
neutral_moebius	units/neutral_moebius/spritesheet.png	attack,breathing,death,hit,idle,run	apply,attack,attackDamage,death,receiveDamage,walk
neutral_mogwai	units/neutral_mogwai/spritesheet.png	attack,breathing,death,hit,idle,run	apply,attack,attackDamage,death,receiveDamage,walk
neutral_moltengolem	units/neutral_moltengolem/spritesheet.png	attack,breathing,death,hit,idle,run	apply,attack,attackDamage,death,receiveDamage,walk
neutral_monsterartifacthunter	units/neutral_monsterartifacthunter/spritesheet.png	attack,breathing,death,hurt,idle,run	apply,attack,attackDamage,death,receiveDamage,walk
neutral_monsterblacksandburrower	units/neutral_monsterblacksandburrower/spritesheet.png	attack,breathing,death,hit,idle,run	apply,attack,attackDamage,death,receiveDamage,walk
neutral_monstercoiledcrawler	units/neutral_monstercoiledcrawler/spritesheet.png	attack,breathing,death,hit,idle,run	apply,attack,attackDamage,death,receiveDamage,walk
neutral_monstercrystalwisp	units/neutral_monstercrystalwisp/spritesheet.png	attack,breathing,death,hit,idle,run	apply,attack,attackDamage,death,receiveDamage,walk
neutral_monsterdancingblades	units/neutral_monsterdancingblades/spritesheet.png	attack,breathing,death,hit,idle,run	apply,attack,attackDamage,death,receiveDamage,walk
neutral_monsterdarkharbinger	units/neutral_monsterdarkharbinger/spritesheet.png	attack,breathing,death,hit,idle,run	apply,attack,attackDamage,death,receiveDamage,walk
neutral_monsterdragonhawk	units/neutral_monsterdragonhawk/spritesheet.png	attack,breathing,death,hit,idle,run	apply,attack,attackDamage,death,receiveDamage,walk
neutral_monsterdreamoracle	units/neutral_monsterdreamoracle/spritesheet.png	attack,breathing,death,hit,idle,run	apply,attack,attackDamage,death,receiveDamage,walk
neutral_monsterexplodingdemon	units/neutral_monsterexplodingdemon/spritesheet.png	attack,breathing,death,explode,hit,idle,run	apply,attack,attackDamage,death,receiveDamage,walk
neutral_monsterflamewing	units/neutral_monsterflamewing/spritesheet.png	attack,breathing,death,hurt,idle,run	apply,attack,attackDamage,death,receiveDamage,walk
neutral_monsterlightningbeetle	units/neutral_monsterlightningbeetle/spritesheet.png	attack,breathing,death,hit,idle,run	apply,attack,attackDamage,death,receiveDamage,walk
neutral_monsteroculus	units/neutral_monsteroculus/spritesheet.png	attack,breathing,death,hit,idle,run	apply,attack,attackDamage,death,receiveDamage,walk
neutral_monsteronyxscorpion	units/neutral_monsteronyxscorpion/spritesheet.png	attack,breathing,death,hit,idle,run	apply,attack,attackDamage,death,receiveDamage,walk
neutral_monsterputridmindflayer	units/neutral_monsterputridmindflayer/spritesheet.png	attack,breathing,death,hit,idle,run	apply,attack,attackDamage,death,receiveDamage,walk
neutral_monsterredsynja	units/neutral_monsterredsynja/spritesheet.png	attack,breathing,death,hit,idle,run	apply,attack,attackDamage,death,receiveDamage,walk
neutral_monstershreddingmantis	units/neutral_monstershreddingmantis/spritesheet.png	attack,breathing,death,hit,idle,run	apply,attack,attackDamage,death,receiveDamage,walk
neutral_monsterwhistlingblade	units/neutral_monsterwhistlingblade/spritesheet.png	attack,breathing,death,hit,idle,run	apply,attack,attackDamage,death,receiveDamage,walk
neutral_moonlitsorcerer	units/neutral_moonlitsorcerer/spritesheet.png	attack,breathing,death,hit,idle,run	apply,attack,attackDamage,death,receiveDamage,walk
neutral_mrgoldmclover	units/neutral_mrgoldmclover/spritesheet.png	attack,breathing,death,hit,idle,run	apply,attack,attackDamage,death,receiveDamage,walk
neutral_mystery	units/neutral_mystery/spritesheet.png	attack,breathing,death,hit,idle,run	apply,attack,attackDamage,death,receiveDamage,walk
neutral_nightwatcher	units/neutral_nightwatcher/spritesheet.png	attack,breathing,death,hit,idle,run	apply,attack,attackDamage,death,receiveDamage,walk
neutral_nip	units/neutral_nip/spritesheet.png	attack,breathing,death,hit,idle,run	apply,attack,attackDamage,death,receiveDamage,walk
neutral_oni	units/neutral_oni/spritesheet.png	attack,breathing,death,hit,idle,run	apply,attack,attackDamage,death,receiveDamage,walk
neutral_owlshadescholar	units/neutral_owlshadescholar/spritesheet.png	attack,breathing,death,hit,idle,run	apply,attack,attackDamage,death,receiveDamage,walk
neutral_paddo	units/neutral_paddo/spritesheet.png	attack,breathing,death,hit,idle,run	apply,attack,attackDamage,death,receiveDamage,walk
neutral_pandora	units/neutral_pandora/spritesheet.png	attack,breathing,death,hit,idle,run	apply,attack,attackDamage,death,receiveDamage,walk
neutral_pandoraminioncelerity	units/neutral_pandoraminioncelerity/spritesheet.png	attack,breathing,death,hit,idle,run	apply,attack,attackDamage,death,receiveDamage,walk
neutral_pandoraminionfly	units/neutral_pandoraminionfly/spritesheet.png	attack,breathing,death,hit,idle,run	apply,attack,attackDamage,death,receiveDamage,walk
neutral_pandoraminionfrenzy	units/neutral_pandoraminionfrenzy/spritesheet.png	attack,breathing,death,hit,idle,run	apply,attack,attackDamage,death,receiveDamage,walk
neutral_pandoraminionprovoke	units/neutral_pandoraminionprovoke/spritesheet.png	attack,breathing,death,hit,idle,run	apply,attack,attackDamage,death,receiveDamage,walk
neutral_pandoraminionrush	units/neutral_pandoraminionrush/spritesheet.png	attack,breathing,death,hit,idle,run	apply,attack,attackDamage,death,receiveDamage,walk
neutral_partyelf	units/neutral_partyelf/spritesheet.png	attack,breathing,death,hit,idle,run	apply,attack,attackDamage,death,receiveDamage,walk
neutral_pennyarcade01	units/neutral_pennyarcade01/spritesheet.png	attack,breathing,death,hit,idle,run	apply,attack,attackDamage,death,receiveDamage,walk
neutral_pennyarcade02	units/neutral_pennyarcade02/spritesheet.png	attack,breathing,death,hit,idle,run	apply,attack,attackDamage,death,receiveDamage,walk
neutral_pennyarcade03	units/neutral_pennyarcade03/spritesheet.png	attack,breathing,death,hit,idle,run	apply,attack,attackDamage,death,receiveDamage,walk
neutral_pennyarcade04	units/neutral_pennyarcade04/spritesheet.png	attack,breathing,death,hit,idle,run	apply,attack,attackDamage,death,receiveDamage,walk
neutral_primusshieldmaster	units/neutral_primusshieldmaster/spritesheet.png	attack,breathing,death,hit,idle,run	apply,attack,attackDamage,death,receiveDamage,walk
neutral_prismaticillusionist	units/neutral_prismaticillusionist/spritesheet.png	attack,breathing,death,hit,idle,run	apply,attack,attackDamage,death,receiveDamage,walk
neutral_prismaticillusionistminion	units/neutral_prismaticillusionistminion/spritesheet.png	attack,breathing,death,hit,idle,run	apply,attack,attackDamage,death,receiveDamage,walk
neutral_prongbok	units/neutral_prongbok/spritesheet.png	attack,breathing,death,hit,idle,run	apply,attack,attackDamage,death,receiveDamage,walk
neutral_prophetwhitepalm	units/neutral_prophetwhitepalm/spritesheet.png	attack,breathing,death,hit,idle,run	apply,attack,attackDamage,death,receiveDamage,walk
neutral_purgatos	units/neutral_purgatos/spritesheet.png	attack,breathe,death,hit,idle,run	apply,attack,attackDamage,death,receiveDamage,walk
neutral_quahog	units/neutral_quahog/spritesheet.png	attack,breathing,death,hit,idle,run	apply,attack,attackDamage,death,receiveDamage,walk
neutral_quartermastergauj	units/neutral_quartermastergauj/spritesheet.png	attack,breathing,death,hit,idle,run	apply,attack,attackDamage,death,receiveDamage,walk
neutral_rawr	units/neutral_rawr/spritesheet.png	attack,breathing,death,hit,idle,run	apply,attack,attackDamage,death,receiveDamage,walk
neutral_razorcraggolem	units/neutral_razorcraggolem/spritesheet.png	attack,breathing,death,hit,idle,run	apply,attack,attackDamage,death,receiveDamage,walk
neutral_rejuvenator	units/neutral_rejuvenator/spritesheet.png	attack,breathing,death,hit,idle,run	apply,attack,attackDamage,death,receiveDamage,walk
neutral_replicator	units/neutral_replicator/spritesheet.png	attack,breathing,death,hit,idle,run	apply,attack,attackDamage,death,receiveDamage,walk
neutral_rok	units/neutral_rok/spritesheet.png	attack,breathing,death,hit,idle,run	apply,attack,attackDamage,death,receiveDamage,walk
neutral_rook	units/neutral_rook/spritesheet.png	attack,breathing,death,hit,idle,run	apply,attack,attackDamage,death,receiveDamage,walk
neutral_rubyrifter	units/neutral_rubyrifter/spritesheet.png	attack,breathing,death,hit,idle,run	apply,attack,attackDamage,death,receiveDamage,walk
neutral_saberspinemk2	units/neutral_saberspinemk2/spritesheet.png	attack,breathing,death,hit,idle,run	apply,attack,attackDamage,death,receiveDamage,walk
neutral_sai	units/neutral_sai/spritesheet.png	attack,breathing,death,hit,idle,run	apply,attack,attackDamage,death,receiveDamage,walk
neutral_sapphireseer	units/neutral_sapphireseer/spritesheet.png	attack,breathing,death,hit,idle,run	apply,attack,attackDamage,death,receiveDamage,walk
neutral_sarlacmk2	units/neutral_sarlacmk2/spritesheet.png	attack,breathing,death,hit,idle,run	
neutral_scarzig	units/neutral_scarzig/spritesheet.png	attack,breathing,death,hit,idle,run	apply,attack,attackDamage,death,receiveDamage,walk
neutral_serpenti	units/neutral_serpenti/spritesheet.png	attack,breathing,death,hit,idle,run	apply,attack,attackDamage,death,receiveDamage,walk
neutral_shadow1	units/neutral_shadow1/spritesheet.png	attack,breathing,death,hit,idle,run	apply,attack,attackDamage,death,receiveDamage,walk
neutral_shadow2	units/neutral_shadow2/spritesheet.png	attack,breathing,death,hit,idle,run	
neutral_shadow3	units/neutral_shadow3/spritesheet.png	attack,breathing,death,hit,idle,run	
neutral_shadowcaster	units/neutral_shadowcaster/spritesheet.png	attack,breathing,death,hit,idle,run	apply,attack,attackDamage,death,receiveDamage,walk
neutral_shadowranged	units/neutral_shadowranged/spritesheet.png	attack,breathing,death,hit,idle,run	
neutral_shirodogdragon	units/neutral_shirodogdragon/spritesheet.png	attack,breathing,death,hit,idle,run	apply,attack,attackDamage,death,receiveDamage,walk
neutral_shuffler	units/neutral_shuffler/spritesheet.png	attack,breathing,death,hit,idle,run	apply,attack,attackDamage,death,receiveDamage,walk
neutral_silhouettetracer	units/neutral_silhouettetracer/spritesheet.png	attack,breathing,death,hit,idle,run	apply,attack,attackDamage,death,receiveDamage,walk
neutral_silverbeak	units/neutral_silverbeak/spritesheet.png	attack,breathe,death,hit,idle,run	apply,attack,attackDamage,death,receiveDamage,walk
neutral_silvermech	units/neutral_silvermech/spritesheet.png	attack,breathing,death,hit,idle,run	apply,attack,attackDamage,death,receiveDamage,walk
neutral_singletonmythron	units/neutral_singletonmythron/spritesheet.png	attack,breathing,death,hit,idle,run	apply,attack,attackDamage,death,receiveDamage,walk
neutral_sinistersilhouette	units/neutral_sinistersilhouette/spritesheet.png	attack,breathing,death,hit,idle,run	apply,attack,attackDamage,death,receiveDamage,walk
neutral_sister	units/neutral_sister/spritesheet.png	attack,breathing,death,hit,idle,run	apply,attack,attackDamage,death,receiveDamage,walk
neutral_skywing	units/neutral_skywing/spritesheet.png	attack,breathing,death,hit,idle,run	apply,attack,attackDamage,death,receiveDamage,walk
neutral_soboro	units/neutral_soboro/spritesheet.png	attack,breathing,death,hit,idle,run	apply,attack,attackDamage,death,receiveDamage,walk
neutral_sol	units/neutral_sol/spritesheet.png	attack,breathing,death,hit,idle,run	apply,attack,attackDamage,death,receiveDamage,walk
neutral_spelljammer	units/neutral_spelljammer/spritesheet.png	attack,breathing,death,hit,idle,run	apply,attack,attackDamage,death,receiveDamage,walk
neutral_spellsammermk2	units/neutral_spellsammermk2/spritesheet.png	attack,breathing,death,hit,idle,run	
neutral_spellspark	units/neutral_spellspark/spritesheet.png	attack,breathing,death,hit,idle,run	apply,attack,attackDamage,death,receiveDamage,walk
neutral_spiritscribe	units/neutral_spiritscribe/spritesheet.png	attack,breathing,death,hit,idle,run	apply,attack,attackDamage,death,receiveDamage,walk
neutral_sunelemental	units/neutral_sunelemental/spritesheet.png	attack,breathing,death,hit,idle,run	apply,attack,attackDamage,death,receiveDamage,walk
neutral_sunsetparagon	units/neutral_sunsetparagon/spritesheet.png	attack,breathing,death,hit,idle,run	apply,attack,attackDamage,death,receiveDamage,walk
neutral_sunsteeldefender	units/neutral_sunsteeldefender/spritesheet.png	attack,breathing,death,hit,idle,run	apply,attack,attackDamage,death,receiveDamage,walk
neutral_superdoxx	units/neutral_superdoxx/spritesheet.png	attack,breathing,death,hit,idle,run	apply,attack,attackDamage,death,receiveDamage,walk
neutral_superscarzig	units/neutral_superscarzig/spritesheet.png	attack,breathing,death,hit,idle,run	apply,attack,attackDamage,death,receiveDamage,walk
neutral_swordofakrane	units/neutral_swordofakrane/spritesheet.png	attack,breathing,death,hit,idle,run	apply,attack,attackDamage,death,receiveDamage,walk
neutral_syvrel	units/neutral_syvrel/spritesheet.png	attack,breathing,death,hit,idle,projectile,run	apply,attack,attackDamage,death,receiveDamage,walk
neutral_taura	units/neutral_taura/spritesheet.png	attack,breathing,death,hit,idle,run	apply,attack,attackDamage,death,receiveDamage,walk
neutral_tethermancer	units/neutral_tethermancer/spritesheet.png	attack,breathing,death,hit,idle,run	apply,attack,attackDamage,death,receiveDamage,walk
neutral_thecollective	units/neutral_thecollective/spritesheet.png	attack,breathing,death,hit,idle,run	apply,attack,attackDamage,death,receiveDamage,walk
neutral_thegreatprotector	units/neutral_thegreatprotector/spritesheet.png	attack,breathing,death,hit,idle,run	apply,attack,attackDamage,death,receiveDamage,walk
neutral_thescientist	units/neutral_thescientist/spritesheet.png	attack,breathing,death,hit,idle,run	apply,attack,attackDamage,death,receiveDamage,walk
neutral_thunderhorn	units/neutral_thunderhorn/spritesheet.png	attack,breathing,death,hit,idle,run	apply,attack,attackDamage,death,receiveDamage,walk
neutral_timekeeper	units/neutral_timekeeper/spritesheet.png	attack,breathing,death,hit,idle,run	apply,attack,attackDamage,death,receiveDamage,walk
neutral_tombstone	units/neutral_tombstone/spritesheet.png	attack,breathing,death,hit,idle,run	apply,attack,attackDamage,death,receiveDamage,walk
neutral_tribalcaster	units/neutral_tribalcaster/spritesheet.png	attack,breathing,death,hit,idle,run	apply,attack,attackDamage,death,receiveDamage,walk
neutral_tribalmelee1	units/neutral_tribalmelee1/spritesheet.png	attack,breathing,death,hit,idle,run	
neutral_tribalmelee2	units/neutral_tribalmelee2/spritesheet.png	attack,breathing,death,hit,idle,run	apply,attack,attackDamage,death,receiveDamage,walk
neutral_tribalmelee3	units/neutral_tribalmelee3/spritesheet.png	attack,breathing,death,hit,idle,run	apply,attack,attackDamage,death,receiveDamage,walk
neutral_tribalmelee4	units/neutral_tribalmelee4/spritesheet.png	attack,breathing,death,hit,idle,run	
neutral_tribalranged1	units/neutral_tribalranged1/spritesheet.png	attack,breathing,death,hit,idle,projectile,run	apply,attack,attackDamage,death,receiveDamage,walk
neutral_tribalranged2	units/neutral_tribalranged2/spritesheet.png	attack,breathing,death,hit,idle,projectile,run	
neutral_trinitywing	units/neutral_trinitywing/spritesheet.png	attack,breathing,death,hit,idle,run	apply,attack,attackDamage,death,receiveDamage,walk
neutral_ubo	units/neutral_ubo/spritesheet.png	attack,breathing,death,hit,idle,run	apply,attack,attackDamage,death,receiveDamage,walk
neutral_unseven	units/neutral_unseven/spritesheet.png	attack,breathing,death,hit,idle,run	apply,attack,attackDamage,death,receiveDamage,walk
neutral_veteranflamewing	units/neutral_veteranflamewing/spritesheet.png	attack,breathing,death,hit,idle,run	apply,attack,attackDamage,death,receiveDamage,walk
neutral_vex	units/neutral_vex/spritesheet.png	attack,breathing,death,hit,idle,run	apply,attack,attackDamage,death,receiveDamage,walk
neutral_voidhunter	units/neutral_voidhunter/spritesheet.png	attack,breathing,death,hit,idle,run	apply,attack,attackDamage,death,receiveDamage,walk
neutral_wartalon	units/neutral_wartalon/spritesheet.png	attack,breathing,death,hit,idle,run	apply,attack,attackDamage,death,receiveDamage,walk
neutral_whitewidow	units/neutral_whitewidow/spritesheet.png	attack,breathing,death,hit,idle,run	apply,attack,attackDamage,death,receiveDamage,walk
neutral_wildtahr	units/neutral_wildtahr/spritesheet.png	attack,breathing,death,hit,idle,run	apply,attack,attackDamage,death,receiveDamage,walk
neutral_windrunner	units/neutral_windrunner/spritesheet.png	attack,breathing,death,hit,idle,run	apply,attack,attackDamage,death,receiveDamage,walk
neutral_windstopper	units/neutral_windstopper/spritesheet.png	attack,breathing,death,hit,idle,run	apply,attack,attackDamage,death,receiveDamage,walk
neutral_wingsofparadise	units/neutral_wingsofparadise/spritesheet.png	attack,breathing,death,hit,idle,run	apply,attack,attackDamage,death,receiveDamage,walk
neutral_xho	units/neutral_xho/spritesheet.png	attack,breathing,death,hit,idle,run	attack,attackDamage,death,receiveDamage
neutral_xyle01	units/neutral_xyle01/spritesheet.png	attack,breathing,death,hit,idle,run	apply,attack,attackDamage,death,receiveDamage,walk
neutral_xyle02	units/neutral_xyle02/spritesheet.png	attack,breathing,death,hit,idle,run	apply,attack,attackDamage,death,receiveDamage,walk
neutral_xyle03	units/neutral_xyle03/spritesheet.png	attack,breathing,death,hit,idle,run	apply,attack,attackDamage,death,receiveDamage,walk
neutral_yun	units/neutral_yun/spritesheet.png	attack,breathing,death,hit,idle,run	apply,attack,attackDamage,death,receiveDamage,walk
neutral_z0r	units/neutral_z0r/spritesheet.png	attack,breathing,death,hit,idle,run	apply,attack,attackDamage,death,receiveDamage,walk
neutral_zenrui	units/neutral_zenrui/spritesheet.png	attack,breathing,death,hit,idle,run	apply,attack,attackDamage,death,receiveDamage,walk
neutral_zukong	units/neutral_zukong/spritesheet.png	attack,breathing,death,hit,idle,run	apply,attack,attackDamage,death,receiveDamage,walk
neutral_zurael	units/neutral_zurael/spritesheet.png	attack,breathing,death,hit,idle,run	apply,attack,attackDamage,death,receiveDamage,walk
neutral_zyx	units/neutral_zyx/spritesheet.png	attack,breathing,death,hit,idle,run	apply,attack,attackDamage,death,receiveDamage,walk
neutral_zyxfestive	units/neutral_zyxfestive/spritesheet.png	attack,breathing,death,hit,idle,run	apply,attack,attackDamage,death,receiveDamage,walk
prop_cranewisp	units/prop_cranewisp/spritesheet.png	cranewisp	
